,adj_close,Year,Month,Week,Day,Dayofweek,Dayofyear,Is_month_end,Is_month_start,Is_quarter_end,Is_quarter_start,Is_year_end,Is_year_start
0,56.118869781494105,2013,1,1,2,2,2,False,False,False,False,False,False
1,55.410530090332,2013,1,1,3,3,3,False,False,False,False,False,False
2,53.867073059082,2013,1,1,4,4,4,False,False,False,False,False,False
3,53.55020904541021,2013,1,2,7,0,7,False,False,False,False,False,False
4,53.6943359375,2013,1,2,8,1,8,False,False,False,False,False,False
5,52.85514068603521,2013,1,2,9,2,9,False,False,False,False,False,False
6,53.510345458984396,2013,1,2,10,3,10,False,False,False,False,False,False
7,53.1822319030762,2013,1,2,11,4,11,False,False,False,False,False,False
8,51.2861518859863,2013,1,3,14,0,14,False,False,False,False,False,False
9,49.6681060791016,2013,1,3,15,1,15,False,False,False,False,False,False
10,51.729763031005895,2013,1,3,16,2,16,False,False,False,False,False,False
11,51.381217956543,2013,1,3,17,3,17,False,False,False,False,False,False
12,51.107292175293,2013,1,3,18,4,18,False,False,False,False,False,False
13,51.59485244750979,2013,1,4,22,1,22,False,False,False,False,False,False
14,52.539306640625,2013,1,4,23,2,23,False,False,False,False,False,False
15,46.047664642334006,2013,1,4,24,3,24,False,False,False,False,False,False
16,44.9621429443359,2013,1,4,25,4,25,False,False,False,False,False,False
17,45.979190826415994,2013,1,5,28,0,28,False,False,False,False,False,False
18,46.8418655395508,2013,1,5,29,1,29,False,False,False,False,False,False
19,46.6946830749512,2013,1,5,30,2,30,False,False,False,False,False,False
20,46.557708740234396,2013,1,5,31,3,31,True,False,False,False,False,False
21,46.366569519043,2013,2,5,1,4,32,False,True,False,False,False,False
22,45.21154403686521,2013,2,6,4,0,35,False,False,False,False,False,False
23,46.7979202270508,2013,2,6,5,1,36,False,False,False,False,False,False
24,46.747833251953104,2013,2,6,6,2,37,False,False,False,False,False,False
25,49.882106781005895,2013,2,6,7,3,38,False,False,False,False,False,False
26,50.6022834777832,2013,2,6,8,4,39,False,False,False,False,False,False
27,51.129638671875,2013,2,7,11,0,42,False,False,False,False,False,False
28,49.8480110168457,2013,2,7,12,1,43,False,False,False,False,False,False
29,49.7531967163086,2013,2,7,13,2,44,False,False,False,False,False,False
30,49.7084541320801,2013,2,7,14,3,45,False,False,False,False,False,False
31,49.02343368530271,2013,2,7,15,4,46,False,False,False,False,False,False
32,49.00532531738279,2013,2,8,19,1,50,False,False,False,False,False,False
33,47.818511962890604,2013,2,8,20,2,51,False,False,False,False,False,False
34,47.521278381347706,2013,2,8,21,3,52,False,False,False,False,False,False
35,48.0273208618164,2013,2,8,22,4,53,False,False,False,False,False,False
36,47.173976898193395,2013,2,9,25,0,56,False,False,False,False,False,False
37,47.831298828125,2013,2,9,26,1,57,False,False,False,False,False,False
38,47.3625411987305,2013,2,9,27,2,58,False,False,False,False,False,False
39,47.024829864502,2013,2,9,28,3,59,True,False,False,False,False,False
40,45.8603935241699,2013,3,9,1,4,60,False,True,False,False,False,False
41,44.750282287597706,2013,3,10,4,0,63,False,False,False,False,False,False
42,45.931770324707,2013,3,10,5,1,64,False,False,False,False,False,False
43,45.3479537963867,2013,3,10,6,2,65,False,False,False,False,False,False
44,45.8721122741699,2013,3,10,7,3,66,False,False,False,False,False,False
45,45.9935646057129,2013,3,10,8,4,67,False,False,False,False,False,False
46,46.6487503051758,2013,3,11,11,0,70,False,False,False,False,False,False
47,45.6430549621582,2013,3,11,12,1,71,False,False,False,False,False,False
48,45.6345291137695,2013,3,11,13,2,72,False,False,False,False,False,False
49,46.0766525268555,2013,3,11,14,3,73,False,False,False,False,False,False
50,47.2656021118164,2013,3,11,15,4,74,False,False,False,False,False,False
51,48.55041122436521,2013,3,12,18,0,77,False,False,False,False,False,False
52,48.419376373290994,2013,3,12,19,1,78,False,False,False,False,False,False
53,48.162624359130895,2013,3,12,20,2,79,False,False,False,False,False,False
54,48.2318725585938,2013,3,12,21,3,80,False,False,False,False,False,False
55,49.2098731994629,2013,3,12,22,4,81,False,False,False,False,False,False
56,49.387786865234396,2013,3,13,25,0,84,False,False,False,False,False,False
57,49.127838134765604,2013,3,13,26,1,85,False,False,False,False,False,False
58,48.162624359130895,2013,3,13,27,2,86,False,False,False,False,False,False
59,47.1590576171875,2013,3,13,28,3,87,False,False,False,False,False,False
60,45.69418716430661,2013,4,14,1,0,91,False,True,False,True,False,False
61,45.7879447937012,2013,4,14,2,1,92,False,False,False,False,False,False
62,46.022331237793,2013,4,14,3,2,93,False,False,False,False,False,False
63,45.5674057006836,2013,4,14,4,3,94,False,False,False,False,False,False
64,45.0858688354492,2013,4,14,5,4,95,False,False,False,False,False,False
65,45.4065475463867,2013,4,15,8,0,98,False,False,False,False,False,False
66,45.4885787963867,2013,4,15,9,1,99,False,False,False,False,False,False
67,46.41650390625,2013,4,15,10,2,100,False,False,False,False,False,False
68,46.2716217041016,2013,4,15,11,3,101,False,False,False,False,False,False
69,45.7890090942383,2013,4,15,12,4,102,False,False,False,False,False,False
70,44.7289848327637,2013,4,16,15,0,105,False,False,False,False,False,False
71,45.409740447998,2013,4,16,16,1,106,False,False,False,False,False,False
72,42.9125480651855,2013,4,16,17,2,107,False,False,False,False,False,False
73,41.7672843933105,2013,4,16,18,3,108,False,False,False,False,False,False
74,41.605354309081996,2013,4,16,19,4,109,False,False,False,False,False,False
75,42.4725570678711,2013,4,17,22,0,112,False,False,False,False,False,False
76,43.267307281494105,2013,4,17,23,1,113,False,False,False,False,False,False
77,43.1959342956543,2013,4,17,24,2,114,False,False,False,False,False,False
78,43.5070190429688,2013,4,17,25,3,115,False,False,False,False,False,False
79,44.446662902832,2013,4,17,26,4,116,False,False,False,False,False,False
80,45.8231010437012,2013,4,18,29,0,119,False,False,False,False,False,False
81,47.1718406677246,2013,4,18,30,1,120,True,False,False,False,False,False
82,46.8000373840332,2013,5,18,1,2,121,False,True,False,False,False,False
83,47.463752746582,2013,5,18,2,3,122,False,False,False,False,False,False
84,47.9389038085938,2013,5,18,3,4,123,False,False,False,False,False,False
85,49.08202743530271,2013,5,19,6,0,126,False,False,False,False,False,False
86,48.8636245727539,2013,5,19,7,1,127,False,False,False,False,False,False
87,49.4154930114746,2013,5,19,8,2,128,False,False,False,False,False,False
88,51.0102195739746,2013,5,19,9,3,129,False,False,False,False,False,False
89,50.585845947265604,2013,5,19,10,4,130,False,False,False,False,False,False
90,50.783519744873,2013,5,20,13,0,133,False,False,False,False,False,False
91,49.56848526000979,2013,5,20,14,1,134,False,False,False,False,False,False
92,47.8922271728516,2013,5,20,15,2,135,False,False,False,False,False,False
93,48.532135009765604,2013,5,20,16,3,136,False,False,False,False,False,False
94,48.384708404540994,2013,5,20,17,4,137,False,False,False,False,False,False
95,49.4646224975586,2013,5,21,20,0,140,False,False,False,False,False,False
96,49.099430084228494,2013,5,21,21,1,141,False,False,False,False,False,False
97,49.2881660461426,2013,5,21,22,2,142,False,False,False,False,False,False
98,49.3764038085938,2013,5,21,23,3,143,False,False,False,False,False,False
99,49.7125396728516,2013,5,21,24,4,144,False,False,False,False,False,False
100,49.298221588134794,2013,5,22,28,1,148,False,False,False,False,False,False
101,49.6902046203613,2013,5,22,29,2,149,False,False,False,False,False,False
102,50.4306106567383,2013,5,22,30,3,150,False,False,False,False,False,False
103,50.224025726318395,2013,5,22,31,4,151,True,False,False,False,False,False
104,50.3345832824707,2013,6,23,3,0,154,False,False,False,False,False,False
105,50.1771125793457,2013,6,23,4,1,155,False,False,False,False,False,False
106,49.708072662353494,2013,6,23,5,2,156,False,False,False,False,False,False
107,48.9654312133789,2013,6,23,6,3,157,False,False,False,False,False,False
108,49.3395500183105,2013,6,23,7,4,158,False,False,False,False,False,False
109,49.0134506225586,2013,6,24,10,0,161,False,False,False,False,False,False
110,48.86938858032229,2013,6,24,11,1,162,False,False,False,False,False,False
111,48.26522064208979,2013,6,24,12,2,163,False,False,False,False,False,False
112,48.6862297058105,2013,6,24,13,3,164,False,False,False,False,False,False
113,48.0262336730957,2013,6,24,14,4,165,False,False,False,False,False,False
114,48.2439994812012,2013,6,25,17,0,168,False,False,False,False,False,False
115,48.218318939209006,2013,6,25,18,1,169,False,False,False,False,False,False
116,47.2389106750488,2013,6,25,19,2,170,False,False,False,False,False,False
117,46.550998687744105,2013,6,25,20,3,171,False,False,False,False,False,False
118,46.1779937744141,2013,6,25,21,4,172,False,False,False,False,False,False
119,44.954036712646506,2013,6,26,24,0,175,False,False,False,False,False,False
120,44.9640769958496,2013,6,26,25,1,176,False,False,False,False,False,False
121,44.4548416137695,2013,6,26,26,2,177,False,False,False,False,False,False
122,43.97574615478521,2013,6,26,27,3,178,False,False,False,False,False,False
123,44.2828559875488,2013,6,26,28,4,179,False,False,False,False,False,False
124,45.700023651123,2013,7,27,1,0,182,False,True,False,True,False,False
125,46.735256195068395,2013,7,27,2,1,183,False,False,False,False,False,False
126,46.99324035644529,2013,7,27,3,2,184,False,False,False,False,False,False
127,46.6157646179199,2013,7,27,5,4,186,False,False,False,False,False,False
128,46.351100921630895,2013,7,28,8,0,189,False,False,False,False,False,False
129,47.1663208007812,2013,7,28,9,1,190,False,False,False,False,False,False
130,46.985416412353494,2013,7,28,10,2,191,False,False,False,False,False,False
131,47.718017578125,2013,7,28,11,3,192,False,False,False,False,False,False
132,47.63089752197271,2013,7,28,12,4,193,False,False,False,False,False,False
133,47.7347564697266,2013,7,29,15,0,196,False,False,False,False,False,False
134,48.0429878234863,2013,7,29,16,1,197,False,False,False,False,False,False
135,48.0552787780762,2013,7,29,17,2,198,False,False,False,False,False,False
136,48.2172050476074,2013,7,29,18,3,199,False,False,False,False,False,False
137,47.4566841125488,2013,7,29,19,4,200,False,False,False,False,False,False
138,47.60856628417971,2013,7,30,22,0,203,False,False,False,False,False,False
139,46.7911033630371,2013,7,30,23,1,204,False,False,False,False,False,False
140,49.194362640380895,2013,7,30,24,2,205,False,False,False,False,False,False
141,48.96988677978521,2013,7,30,25,3,206,False,False,False,False,False,False
142,49.2479667663574,2013,7,30,26,4,207,False,False,False,False,False,False
143,50.0073661804199,2013,7,31,29,0,210,False,False,False,False,False,False
144,50.6249389648438,2013,7,31,30,1,211,False,False,False,False,False,False
145,50.53670501708979,2013,7,31,31,2,212,True,False,False,False,False,False
146,51.0001564025879,2013,8,31,1,3,213,False,True,False,False,False,False
147,51.65458679199221,2013,8,31,2,4,214,False,False,False,False,False,False
148,52.42626953125,2013,8,32,5,0,217,False,False,False,False,False,False
149,51.9572143554688,2013,8,32,6,1,218,False,False,False,False,False,False
150,51.9270706176758,2013,8,32,7,2,219,False,False,False,False,False,False
151,53.9614067077637,2013,8,32,8,3,220,False,False,False,False,False,False
152,53.1935615539551,2013,8,32,9,4,221,False,False,False,False,False,False
153,54.7046890258789,2013,8,33,12,0,224,False,False,False,False,False,False
154,57.304370880127,2013,8,33,13,1,225,False,False,False,False,False,False
155,58.3496284484863,2013,8,33,14,2,226,False,False,False,False,False,False
156,58.280574798584006,2013,8,33,15,3,227,False,False,False,False,False,False
157,58.7979316711426,2013,8,33,16,4,228,False,False,False,False,False,False
158,59.431182861328104,2013,8,34,19,0,231,False,False,False,False,False,False
159,58.6504592895508,2013,8,34,20,1,232,False,False,False,False,False,False
160,58.8014450073242,2013,8,34,21,2,233,False,False,False,False,False,False
161,58.8716697692871,2013,8,34,22,3,234,False,False,False,False,False,False
162,58.644596099853494,2013,8,34,23,4,235,False,False,False,False,False,False
163,58.8728446960449,2013,8,35,26,0,238,False,False,False,False,False,False
164,57.189666748046896,2013,8,35,27,1,239,False,False,False,False,False,False
165,57.4600410461426,2013,8,35,28,2,240,False,False,False,False,False,False
166,57.55368423461911,2013,8,35,29,3,241,False,False,False,False,False,False
167,57.029300689697294,2013,8,35,30,4,242,False,False,False,False,False,False
168,57.1884841918945,2013,9,36,3,1,246,False,False,False,False,False,False
169,58.3718757629395,2013,9,36,4,2,247,False,False,False,False,False,False
170,57.9715461730957,2013,9,36,5,3,248,False,False,False,False,False,False
171,58.31684875488279,2013,9,36,6,4,249,False,False,False,False,False,False
172,59.2474174499512,2013,9,37,9,0,252,False,False,False,False,False,False
173,57.8978042602539,2013,9,37,10,1,253,False,False,False,False,False,False
174,54.7456398010254,2013,9,37,11,2,254,False,False,False,False,False,False
175,55.3285522460938,2013,9,37,12,3,255,False,False,False,False,False,False
176,54.4167366027832,2013,9,37,13,4,256,False,False,False,False,False,False
177,52.6867256164551,2013,9,38,16,0,259,False,False,False,False,False,False
178,53.2953910827637,2013,9,38,17,1,260,False,False,False,False,False,False
179,54.390983581543,2013,9,38,18,2,261,False,False,False,False,False,False
180,55.2829093933105,2013,9,38,19,3,262,False,False,False,False,False,False
181,54.7105369567871,2013,9,38,20,4,263,False,False,False,False,False,False
182,57.4296264648438,2013,9,39,23,0,266,False,False,False,False,False,False
183,57.249359130859396,2013,9,39,24,1,267,False,False,False,False,False,False
184,56.36328125,2013,9,39,25,2,268,False,False,False,False,False,False
185,56.9122428894043,2013,9,39,26,3,269,False,False,False,False,False,False
186,56.5060958862305,2013,9,39,27,4,270,False,False,False,False,False,False
187,55.8037910461426,2013,9,40,30,0,273,True,False,True,False,False,False
188,57.1159172058105,2013,10,40,1,1,274,False,True,False,True,False,False
189,57.30319595336911,2013,10,40,2,2,275,False,False,False,False,False,False
190,56.5833396911621,2013,10,40,3,3,276,False,False,False,False,False,False
191,56.5388603210449,2013,10,40,4,4,277,False,False,False,False,False,False
192,57.091335296630895,2013,10,41,7,0,280,False,False,False,False,False,False
193,56.294216156005895,2013,10,41,8,1,281,False,False,False,False,False,False
194,56.95556259155271,2013,10,41,9,2,282,False,False,False,False,False,False
195,57.312564849853494,2013,10,41,10,3,283,False,False,False,False,False,False
196,57.6836090087891,2013,10,41,11,4,284,False,False,False,False,False,False
197,58.0616874694824,2013,10,42,14,0,287,False,False,False,False,False,False
198,58.37070083618161,2013,10,42,15,1,288,False,False,False,False,False,False
199,58.6551399230957,2013,10,42,16,2,289,False,False,False,False,False,False
200,59.051937103271506,2013,10,42,17,3,290,False,False,False,False,False,False
201,59.565788269043,2013,10,42,18,4,291,False,False,False,False,False,False
202,61.0254096984863,2013,10,43,21,0,294,False,False,False,False,False,False
203,60.85099029541021,2013,10,43,22,1,295,False,False,False,False,False,False
204,61.4467849731445,2013,10,43,23,2,296,False,False,False,False,False,False
205,62.260284423828104,2013,10,43,24,3,297,False,False,False,False,False,False
206,61.563846588134794,2013,10,43,25,4,298,False,False,False,False,False,False
207,62.0226707458496,2013,10,44,28,0,301,False,False,False,False,False,False
208,60.4776077270508,2013,10,44,29,1,302,False,False,False,False,False,False
209,61.439769744873,2013,10,44,30,2,303,False,False,False,False,False,False
210,61.1822395324707,2013,10,44,31,3,304,True,False,False,False,False,False
211,60.8697395324707,2013,11,44,1,4,305,False,True,False,False,False,False
212,61.6563110351562,2013,11,45,4,0,308,False,False,False,False,False,False
213,61.504150390625,2013,11,45,5,1,309,False,False,False,False,False,False
214,63.5563163757324,2013,11,45,6,2,310,False,False,False,False,False,False
215,62.527793884277294,2013,11,45,7,3,311,False,False,False,False,False,False
216,63.5123901367188,2013,11,45,8,4,312,False,False,False,False,False,False
217,63.328151702880895,2013,11,46,11,0,315,False,False,False,False,False,False
218,63.445281982421896,2013,11,46,12,1,316,False,False,False,False,False,False
219,63.52095031738279,2013,11,46,13,2,317,False,False,False,False,False,False
220,64.43966674804689,2013,11,46,14,3,318,False,False,False,False,False,False
221,64.05288696289061,2013,11,46,15,4,319,False,False,False,False,False,False
222,63.2769241333008,2013,11,47,18,0,322,False,False,False,False,False,False
223,63.3891677856445,2013,11,47,19,1,323,False,False,False,False,False,False
224,62.83402252197271,2013,11,47,20,2,324,False,False,False,False,False,False
225,63.5831527709961,2013,11,47,21,3,325,False,False,False,False,False,False
226,63.4196701049805,2013,11,47,22,4,326,False,False,False,False,False,False
227,63.900360107421896,2013,11,48,25,0,329,False,False,False,False,False,False
228,65.0789642333984,2013,11,48,26,1,330,False,False,False,False,False,False
229,66.6113815307617,2013,11,48,27,2,331,False,False,False,False,False,False
230,67.84487915039061,2013,11,48,29,4,333,False,False,False,False,False,False
231,67.2543792724609,2013,12,49,2,0,336,False,False,False,False,False,False
232,69.095458984375,2013,12,49,3,1,337,False,False,False,False,False,False
233,68.9344100952148,2013,12,49,4,2,338,False,False,False,False,False,False
234,69.2882461547852,2013,12,49,5,3,339,False,False,False,False,False,False
235,68.32680511474611,2013,12,49,6,4,340,False,False,False,False,False,False
236,69.1088790893555,2013,12,50,9,0,343,False,False,False,False,False,False
237,69.00152587890621,2013,12,50,10,1,344,False,False,False,False,False,False
238,68.4902801513672,2013,12,50,11,2,345,False,False,False,False,False,False
239,68.390251159668,2013,12,50,12,3,346,False,False,False,False,False,False
240,67.64479827880861,2013,12,50,13,4,347,False,False,False,False,False,False
241,68.0193710327148,2013,12,51,16,0,350,False,False,False,False,False,False
242,67.7131271362305,2013,12,51,17,1,351,False,False,False,False,False,False
243,67.1982421875,2013,12,51,18,2,352,False,False,False,False,False,False
244,66.42837524414061,2013,12,51,19,3,353,False,False,False,False,False,False
245,66.9847259521484,2013,12,51,20,4,354,False,False,False,False,False,False
246,69.555419921875,2013,12,52,23,0,357,False,False,False,False,False,False
247,69.26016235351561,2013,12,52,24,1,358,False,False,False,False,False,False
248,68.80019378662111,2013,12,52,26,3,360,False,False,False,False,False,False
249,68.33535003662111,2013,12,52,27,4,361,False,False,False,False,False,False
250,67.6557693481445,2013,12,1,30,0,364,False,False,False,False,False,False
251,68.44882965087889,2013,12,1,31,1,365,True,False,True,False,True,False
252,67.48617553710939,2014,1,1,2,3,2,False,False,False,False,False,False
253,66.003776550293,2014,1,1,3,4,3,False,False,False,False,False,False
254,66.3637008666992,2014,1,2,6,0,6,False,False,False,False,False,False
255,65.8891143798828,2014,1,2,7,1,7,False,False,False,False,False,False
256,66.3063812255859,2014,1,2,8,2,8,False,False,False,False,False,False
257,65.4596405029297,2014,1,2,9,3,9,False,False,False,False,False,False
258,65.022834777832,2014,1,2,10,4,10,False,False,False,False,False,False
259,65.3632431030273,2014,1,3,13,0,13,False,False,False,False,False,False
260,66.6638565063477,2014,1,3,14,1,14,False,False,False,False,False,False
261,68.0022659301758,2014,1,3,15,2,15,False,False,False,False,False,False
262,67.6228179931641,2014,1,3,16,3,16,False,False,False,False,False,False
263,65.96596527099611,2014,1,3,17,4,17,False,False,False,False,False,False
264,66.99082183837889,2014,1,4,21,1,21,False,False,False,False,False,False
265,67.2885208129883,2014,1,4,22,2,22,False,False,False,False,False,False
266,67.8583145141602,2014,1,4,23,3,23,False,False,False,False,False,False
267,66.6248016357422,2014,1,4,24,4,24,False,False,False,False,False,False
268,67.16531372070311,2014,1,5,27,0,27,False,False,False,False,False,False
269,61.7969627380371,2014,1,5,28,1,28,False,False,False,False,False,False
270,61.0954170227051,2014,1,5,29,2,29,False,False,False,False,False,False
271,60.9770622253418,2014,1,5,30,3,30,False,False,False,False,False,False
272,61.07710266113279,2014,1,5,31,4,31,True,False,False,False,False,False
273,61.1905670166016,2014,2,6,3,0,34,False,False,False,False,False,False
274,62.0763626098633,2014,2,6,4,1,35,False,False,False,False,False,False
275,62.539981842040994,2014,2,6,5,2,36,False,False,False,False,False,False
276,65.2478713989258,2014,2,6,6,3,37,False,False,False,False,False,False
277,66.1606979370117,2014,2,6,7,4,38,False,False,False,False,False,False
278,67.34597015380861,2014,2,7,10,0,41,False,False,False,False,False,False
279,68.23329925537111,2014,2,7,11,1,42,False,False,False,False,False,False
280,68.2282333374023,2014,2,7,12,2,43,False,False,False,False,False,False
281,69.31162261962889,2014,2,7,13,3,44,False,False,False,False,False,False
282,69.2556228637695,2014,2,7,14,4,45,False,False,False,False,False,False
283,69.51023101806639,2014,2,8,18,1,49,False,False,False,False,False,False
284,68.41281890869139,2014,2,8,19,2,50,False,False,False,False,False,False
285,67.62094879150389,2014,2,8,20,3,51,False,False,False,False,False,False
286,66.86981201171879,2014,2,8,21,4,52,False,False,False,False,False,False
287,67.1626358032227,2014,2,9,24,0,55,False,False,False,False,False,False
288,66.4636917114258,2014,2,9,25,1,56,False,False,False,False,False,False
289,65.8640594482422,2014,2,9,26,2,57,False,False,False,False,False,False
290,67.1779098510742,2014,2,9,27,3,58,False,False,False,False,False,False
291,66.99582672119139,2014,2,9,28,4,59,True,False,False,False,False,False
292,67.1893692016602,2014,3,10,3,0,62,False,False,False,False,False,False
293,67.6323928833008,2014,3,10,4,1,63,False,False,False,False,False,False
294,67.77499389648439,2014,3,10,5,2,64,False,False,False,False,False,False
295,67.5700302124023,2014,3,10,6,3,65,False,False,False,False,False,False
296,67.53054809570311,2014,3,10,7,4,66,False,False,False,False,False,False
297,67.59165191650389,2014,3,11,10,0,69,False,False,False,False,False,False
298,68.24984741210939,2014,3,11,11,1,70,False,False,False,False,False,False
299,68.3160552978516,2014,3,11,12,2,71,False,False,False,False,False,False
300,67.5572891235352,2014,3,11,13,3,72,False,False,False,False,False,False
301,66.79852294921879,2014,3,11,14,4,73,False,False,False,False,False,False
302,67.05950927734379,2014,3,12,17,0,76,False,False,False,False,False,False
303,67.6527786254883,2014,3,12,18,1,77,False,False,False,False,False,False
304,67.6349639892578,2014,3,12,19,2,78,False,False,False,False,False,False
305,67.3090362548828,2014,3,12,20,3,79,False,False,False,False,False,False
306,67.83990478515621,2014,3,12,21,4,80,False,False,False,False,False,False
307,68.6445236206055,2014,3,13,24,0,83,False,False,False,False,False,False
308,69.3829193115234,2014,3,13,25,1,84,False,False,False,False,False,False
309,68.71962738037111,2014,3,13,26,2,85,False,False,False,False,False,False
310,68.4242630004883,2014,3,13,27,3,86,False,False,False,False,False,False
311,68.3478927612305,2014,3,13,28,4,87,False,False,False,False,False,False
312,68.3326034545898,2014,3,14,31,0,90,True,False,True,False,False,False
313,68.95770263671879,2014,4,14,1,1,91,False,True,False,True,False,False
314,69.07228851318361,2014,4,14,2,2,92,False,False,False,False,False,False
315,68.5936126708984,2014,4,14,3,3,93,False,False,False,False,False,False
316,67.7062606811523,2014,4,14,4,4,94,False,False,False,False,False,False
317,66.64321136474611,2014,4,15,7,0,97,False,False,False,False,False,False
318,66.63937377929689,2014,4,15,8,1,98,False,False,False,False,False,False
319,67.5152740478516,2014,4,15,9,2,99,False,False,False,False,False,False
320,66.6444778442383,2014,4,15,10,3,100,False,False,False,False,False,False
321,66.1517868041992,2014,4,15,11,4,101,False,False,False,False,False,False
322,66.4153213500977,2014,4,16,14,0,104,False,False,False,False,False,False
323,65.9417190551758,2014,4,16,15,1,105,False,False,False,False,False,False
324,66.0754013061523,2014,4,16,16,2,106,False,False,False,False,False,False
325,66.83034515380861,2014,4,16,17,3,107,False,False,False,False,False,False
326,67.6234893798828,2014,4,17,21,0,111,False,False,False,False,False,False
327,67.6909561157227,2014,4,17,22,1,112,False,False,False,False,False,False
328,66.8061599731445,2014,4,17,23,2,113,False,False,False,False,False,False
329,72.2830581665039,2014,4,17,24,3,114,False,False,False,False,False,False
330,72.8139266967773,2014,4,17,25,4,115,False,False,False,False,False,False
331,75.6338577270508,2014,4,18,28,0,118,False,False,False,False,False,False
332,75.409797668457,2014,4,18,29,1,119,False,False,False,False,False,False
333,75.124626159668,2014,4,18,30,2,120,True,False,False,False,False,False
334,75.3015823364258,2014,5,18,1,3,121,False,True,False,False,False,False
335,75.4416275024414,2014,5,18,2,4,122,False,False,False,False,False,False
336,76.50848388671879,2014,5,19,5,0,125,False,False,False,False,False,False
337,75.6746063232422,2014,5,19,6,1,126,False,False,False,False,False,False
338,75.409797668457,2014,5,19,7,2,127,False,False,False,False,False,False
339,77.88548278808591,2014,5,19,8,3,128,False,False,False,False,False,False
340,77.5609588623047,2014,5,19,9,4,129,False,False,False,False,False,False
341,78.5265884399414,2014,5,20,12,0,132,False,False,False,False,False,False
342,78.649787902832,2014,5,20,13,1,133,False,False,False,False,False,False
343,78.6643447875977,2014,5,20,14,2,134,False,False,False,False,False,False
344,77.9954376220703,2014,5,20,15,3,135,False,False,False,False,False,False
345,79.1465148925781,2014,5,20,16,4,136,False,False,False,False,False,False
346,80.0843200683594,2014,5,21,19,0,139,False,False,False,False,False,False
347,80.100212097168,2014,5,21,20,1,140,False,False,False,False,False,False
348,80.3121643066406,2014,5,21,21,2,141,False,False,False,False,False,False
349,80.4393310546875,2014,5,21,22,3,142,False,False,False,False,False,False
350,81.3479995727539,2014,5,21,23,4,143,False,False,False,False,False,False
351,82.8713150024414,2014,5,22,27,1,147,False,False,False,False,False,False
352,82.6567306518555,2014,5,22,28,2,148,False,False,False,False,False,False
353,84.1627960205078,2014,5,22,29,3,149,False,False,False,False,False,False
354,83.8475341796875,2014,5,22,30,4,150,False,False,False,False,False,False
355,83.2713394165039,2014,6,23,2,0,153,False,False,False,False,False,False
356,84.44891357421879,2014,6,23,3,1,154,False,False,False,False,False,False
357,85.4132080078125,2014,6,23,4,2,155,False,False,False,False,False,False
358,85.7483367919922,2014,6,23,5,3,156,False,False,False,False,False,False
359,85.512580871582,2014,6,23,6,4,157,False,False,False,False,False,False
360,86.8808822631836,2014,6,24,9,0,160,False,False,False,False,False,False
361,87.3908538818359,2014,6,24,10,1,161,False,False,False,False,False,False
362,87.0292510986328,2014,6,24,11,2,162,False,False,False,False,False,False
363,85.5734939575195,2014,6,24,12,3,163,False,False,False,False,False,False
364,84.6369857788086,2014,6,24,13,4,164,False,False,False,False,False,False
365,85.4900436401367,2014,6,25,16,0,167,False,False,False,False,False,False
366,85.378776550293,2014,6,25,17,1,168,False,False,False,False,False,False
367,85.4715118408203,2014,6,25,18,2,169,False,False,False,False,False,False
368,85.1747970581055,2014,6,25,19,3,170,False,False,False,False,False,False
369,84.29393005371091,2014,6,25,20,4,171,False,False,False,False,False,False
370,84.2197494506836,2014,6,26,23,0,174,False,False,False,False,False,False
371,83.7098007202148,2014,6,26,24,1,175,False,False,False,False,False,False
372,83.783935546875,2014,6,26,25,2,176,False,False,False,False,False,False
373,84.2846755981445,2014,6,26,26,3,177,False,False,False,False,False,False
374,85.2860565185547,2014,6,26,27,4,178,False,False,False,False,False,False
375,86.1669387817383,2014,6,27,30,0,181,True,False,True,False,False,False
376,86.71398162841801,2014,7,27,1,1,182,False,True,False,True,False,False
377,86.67688751220699,2014,7,27,2,2,183,False,False,False,False,False,False
378,87.1868743896484,2014,7,27,3,3,184,False,False,False,False,False,False
379,88.98568725585942,2014,7,28,7,0,188,False,False,False,False,False,False
380,88.4108047485352,2014,7,28,8,1,189,False,False,False,False,False,False
381,88.4478912353516,2014,7,28,9,2,190,False,False,False,False,False,False
382,88.1233596801758,2014,7,28,10,3,191,False,False,False,False,False,False
383,88.2902603149414,2014,7,28,11,4,192,False,False,False,False,False,False
384,89.4307479858398,2014,7,29,14,0,195,False,False,False,False,False,False
385,88.3830032348633,2014,7,29,15,1,196,False,False,False,False,False,False
386,87.88229370117192,2014,7,29,16,2,197,False,False,False,False,False,False
387,86.31527709960942,2014,7,29,17,3,198,False,False,False,False,False,False
388,87.5577545166016,2014,7,29,18,4,199,False,False,False,False,False,False
389,87.1034393310547,2014,7,30,21,0,202,False,False,False,False,False,False
390,87.82665252685551,2014,7,30,22,1,203,False,False,False,False,False,False
391,90.1168899536133,2014,7,30,23,2,204,False,False,False,False,False,False
392,89.9685440063477,2014,7,30,24,3,205,False,False,False,False,False,False
393,90.5619583129883,2014,7,30,25,4,206,False,False,False,False,False,False
394,91.81371307373051,2014,7,31,28,0,209,False,False,False,False,False,False
395,91.2202987670898,2014,7,31,29,1,210,False,False,False,False,False,False
396,91.00701904296879,2014,7,31,30,2,211,False,False,False,False,False,False
397,88.64260864257808,2014,7,31,31,3,212,True,False,False,False,False,False
398,89.134033203125,2014,8,31,1,4,213,False,True,False,False,False,False
399,88.63333129882808,2014,8,32,4,0,216,False,False,False,False,False,False
400,88.19754028320308,2014,8,32,5,1,217,False,False,False,False,False,False
401,88.04920196533199,2014,8,32,6,2,218,False,False,False,False,False,False
402,88.0398712158203,2014,8,32,7,3,219,False,False,False,False,False,False
403,88.28213500976558,2014,8,32,8,4,220,False,False,False,False,False,False
404,89.4469528198242,2014,8,33,11,0,223,False,False,False,False,False,False
405,89.42831420898442,2014,8,33,12,1,224,False,False,False,False,False,False
406,90.6117401123047,2014,8,33,13,2,225,False,False,False,False,False,False
407,90.85400390625,2014,8,33,14,3,226,False,False,False,False,False,False
408,91.3013076782227,2014,8,33,15,4,227,False,False,False,False,False,False
409,92.40087127685551,2014,8,34,18,0,230,False,False,False,False,False,False
410,93.6774749755859,2014,8,34,19,1,231,False,False,False,False,False,False
411,93.7147598266602,2014,8,34,20,2,232,False,False,False,False,False,False
412,93.7240676879883,2014,8,34,21,3,233,False,False,False,False,False,False
413,94.41363525390621,2014,8,34,22,4,234,False,False,False,False,False,False
414,94.6186370849609,2014,8,35,25,0,237,False,False,False,False,False,False
415,94.012939453125,2014,8,35,26,1,238,False,False,False,False,False,False
416,95.1684112548828,2014,8,35,27,2,239,False,False,False,False,False,False
417,95.2802505493164,2014,8,35,28,3,240,False,False,False,False,False,False
418,95.51317596435551,2014,8,35,29,4,241,False,False,False,False,False,False
419,96.25865936279301,2014,9,36,2,1,245,False,False,False,False,False,False
420,92.1958541870117,2014,9,36,3,2,246,False,False,False,False,False,False
421,91.43175506591801,2014,9,36,4,3,247,False,False,False,False,False,False
422,92.2238082885742,2014,9,36,5,4,248,False,False,False,False,False,False
423,91.6553955078125,2014,9,37,8,0,251,False,False,False,False,False,False
424,91.3106155395508,2014,9,37,9,1,252,False,False,False,False,False,False
425,94.11544799804692,2014,9,37,10,2,253,False,False,False,False,False,False
426,94.5161285400391,2014,9,37,11,3,254,False,False,False,False,False,False
427,94.73046112060551,2014,9,37,12,4,255,False,False,False,False,False,False
428,94.7024765014648,2014,9,38,15,0,258,False,False,False,False,False,False
429,93.98497772216801,2014,9,38,16,1,259,False,False,False,False,False,False
430,94.6559219360352,2014,9,38,17,2,260,False,False,False,False,False,False
431,94.8516006469727,2014,9,38,18,3,261,False,False,False,False,False,False
432,94.0781707763672,2014,9,38,19,4,262,False,False,False,False,False,False
433,94.1713485717773,2014,9,39,22,0,265,False,False,False,False,False,False
434,95.6436538696289,2014,9,39,23,1,266,False,False,False,False,False,False
435,94.8143157958984,2014,9,39,24,2,267,False,False,False,False,False,False
436,91.1988143920898,2014,9,39,25,3,268,False,False,False,False,False,False
437,93.8824691772461,2014,9,39,26,4,269,False,False,False,False,False,False
438,93.2860870361328,2014,9,40,29,0,272,False,False,False,False,False,False
439,93.8824691772461,2014,9,40,30,1,273,True,False,True,False,False,False
440,92.4195098876953,2014,10,40,1,2,274,False,True,False,True,False,False
441,93.0904159545898,2014,10,40,2,3,275,False,False,False,False,False,False
442,92.8295135498047,2014,10,40,3,4,276,False,False,False,False,False,False
443,92.8295135498047,2014,10,41,6,0,279,False,False,False,False,False,False
444,92.01880645751949,2014,10,41,7,1,280,False,False,False,False,False,False
445,93.9290924072266,2014,10,41,8,2,281,False,False,False,False,False,False
446,94.13406372070308,2014,10,41,9,3,282,False,False,False,False,False,False
447,93.86383056640621,2014,10,41,10,4,283,False,False,False,False,False,False
448,93.00656127929692,2014,10,42,13,0,286,False,False,False,False,False,False
449,92.01880645751949,2014,10,42,14,1,287,False,False,False,False,False,False
450,90.8912734985352,2014,10,42,15,2,288,False,False,False,False,False,False
451,89.6985244750977,2014,10,42,16,3,289,False,False,False,False,False,False
452,91.01242065429692,2014,10,42,17,4,290,False,False,False,False,False,False
453,92.95996856689449,2014,10,43,20,0,293,False,False,False,False,False,False
454,95.4852523803711,2014,10,43,21,1,294,False,False,False,False,False,False
455,95.9698028564453,2014,10,43,22,2,295,False,False,False,False,False,False
456,97.6843795776367,2014,10,43,23,3,296,False,False,False,False,False,False
457,98.0477981567383,2014,10,43,24,4,297,False,False,False,False,False,False
458,97.9452896118164,2014,10,44,27,0,300,False,False,False,False,False,False
459,99.46417236328121,2014,10,44,28,1,301,False,False,False,False,False,False
460,100.02328491210899,2014,10,44,29,2,302,False,False,False,False,False,False
461,99.68783569335942,2014,10,44,30,3,303,False,False,False,False,False,False
462,100.638282775879,2014,10,44,31,4,304,True,False,False,False,False,False
463,101.94286346435499,2014,11,45,3,0,307,False,False,False,False,False,False
464,101.197387695312,2014,11,45,4,1,308,False,False,False,False,False,False
465,101.439666748047,2014,11,45,5,2,309,False,False,False,False,False,False
466,101.729789733887,2014,11,45,6,3,310,False,False,False,False,False,False
467,102.019912719727,2014,11,45,7,4,311,False,False,False,False,False,False
468,101.851455688477,2014,11,46,10,0,314,False,False,False,False,False,False
469,102.665672302246,2014,11,46,11,1,315,False,False,False,False,False,False
470,104.11629486084,2014,11,46,12,2,316,False,False,False,False,False,False
471,105.585594177246,2014,11,46,13,3,317,False,False,False,False,False,False
472,106.85839080810499,2014,11,46,14,4,318,False,False,False,False,False,False
473,106.68057250976601,2014,11,47,17,0,321,False,False,False,False,False,False
474,108.065673828125,2014,11,47,18,1,322,False,False,False,False,False,False
475,107.31697082519501,2014,11,47,19,2,323,False,False,False,False,False,False
476,108.851806640625,2014,11,47,20,3,324,False,False,False,False,False,False
477,109.00155639648399,2014,11,47,21,4,325,False,False,False,False,False,False
478,111.02306365966801,2014,11,48,24,0,328,False,False,False,False,False,False
479,110.059097290039,2014,11,48,25,1,329,False,False,False,False,False,False
480,111.369316101074,2014,11,48,26,2,330,False,False,False,False,False,False
481,111.30380249023399,2014,11,48,28,4,332,False,False,False,False,False,False
482,107.69132995605499,2014,12,49,1,0,335,False,True,False,False,False,False
483,107.279541015625,2014,12,49,2,1,336,False,False,False,False,False,False
484,108.496192932129,2014,12,49,3,2,337,False,False,False,False,False,False
485,108.08438873291,2014,12,49,4,3,338,False,False,False,False,False,False
486,107.625816345215,2014,12,49,5,4,339,False,False,False,False,False,False
487,105.19253540039101,2014,12,50,8,0,342,False,False,False,False,False,False
488,106.80224609375,2014,12,50,9,1,343,False,False,False,False,False,False
489,104.77140808105499,2014,12,50,10,2,344,False,False,False,False,False,False
490,104.462562561035,2014,12,50,11,3,345,False,False,False,False,False,False
491,102.693748474121,2014,12,50,12,4,346,False,False,False,False,False,False
492,101.289939880371,2014,12,51,15,0,349,False,False,False,False,False,False
493,99.9048233032227,2014,12,51,16,1,350,False,False,False,False,False,False
494,102.394248962402,2014,12,51,17,2,351,False,False,False,False,False,False
495,105.426498413086,2014,12,51,18,3,352,False,False,False,False,False,False
496,104.612289428711,2014,12,51,19,4,353,False,False,False,False,False,False
497,105.69790649414101,2014,12,52,22,0,356,False,False,False,False,False,False
498,105.32356262207001,2014,12,52,23,1,357,False,False,False,False,False,False
499,104.82755279541,2014,12,52,24,2,358,False,False,False,False,False,False
500,106.68057250976601,2014,12,52,26,4,360,False,False,False,False,False,False
501,106.60572052002001,2014,12,1,29,0,363,False,False,False,False,False,False
502,105.30484008789101,2014,12,1,30,1,364,False,False,False,False,False,False
503,103.30206298828101,2014,12,1,31,2,365,True,False,True,False,True,False
504,102.31939697265601,2015,1,1,2,4,2,False,False,False,False,False,False
505,99.4368896484375,2015,1,2,5,0,5,False,False,False,False,False,False
506,99.4462509155273,2015,1,2,6,1,6,False,False,False,False,False,False
507,100.840713500977,2015,1,2,7,2,7,False,False,False,False,False,False
508,104.71525573730499,2015,1,2,8,3,8,False,False,False,False,False,False
509,104.82755279541,2015,1,2,9,4,9,False,False,False,False,False,False
510,102.244522094727,2015,1,3,12,0,12,False,False,False,False,False,False
511,103.152313232422,2015,1,3,13,1,13,False,False,False,False,False,False
512,102.759262084961,2015,1,3,14,2,14,False,False,False,False,False,False
513,99.9703369140625,2015,1,3,15,3,15,False,False,False,False,False,False
514,99.1935577392578,2015,1,3,16,4,16,False,False,False,False,False,False
515,101.74851226806601,2015,1,4,20,1,20,False,False,False,False,False,False
516,102.525291442871,2015,1,4,21,2,21,False,False,False,False,False,False
517,105.19253540039101,2015,1,4,22,3,22,False,False,False,False,False,False
518,105.73534393310499,2015,1,4,23,4,23,False,False,False,False,False,False
519,105.84764862060499,2015,1,5,26,0,26,False,False,False,False,False,False
520,102.141586303711,2015,1,5,27,1,27,False,False,False,False,False,False
521,107.91593170166,2015,1,5,28,2,28,False,False,False,False,False,False
522,111.275741577148,2015,1,5,29,3,29,False,False,False,False,False,False
523,109.647323608398,2015,1,5,30,4,30,False,False,False,False,False,False
524,111.02306365966801,2015,2,6,2,0,33,False,False,False,False,False,False
525,111.04177093505899,2015,2,6,3,1,34,False,False,False,False,False,False
526,111.89340209960899,2015,2,6,4,2,35,False,False,False,False,False,False
527,112.69204711914101,2015,2,6,5,3,36,False,False,False,False,False,False
528,111.74308776855499,2015,2,6,6,4,37,False,False,False,False,False,False
529,112.4853515625,2015,2,7,9,0,40,False,False,False,False,False,False
530,114.64635467529301,2015,2,7,10,1,41,False,False,False,False,False,False
531,117.333511352539,2015,2,7,11,2,42,False,False,False,False,False,False
532,118.81803894042999,2015,2,7,12,3,43,False,False,False,False,False,False
533,119.400588989258,2015,2,7,13,4,44,False,False,False,False,False,False
534,120.105262756348,2015,2,8,17,1,48,False,False,False,False,False,False
535,120.94149017334,2015,2,8,18,2,49,False,False,False,False,False,False
536,120.687782287598,2015,2,8,19,3,50,False,False,False,False,False,False
537,121.67432403564501,2015,2,8,20,4,51,False,False,False,False,False,False
538,124.96282958984399,2015,2,9,23,0,54,False,False,False,False,False,False
539,124.18297576904301,2015,2,9,24,1,55,False,False,False,False,False,False
540,121.00723266601601,2015,2,9,25,2,56,False,False,False,False,False,False
541,122.538734436035,2015,2,9,26,3,57,False,False,False,False,False,False
542,120.69718170166,2015,2,9,27,4,58,False,False,False,False,False,False
543,121.289131164551,2015,3,10,2,0,61,False,False,False,False,False,False
544,121.54280090332001,2015,3,10,3,1,62,False,False,False,False,False,False
545,120.77234649658199,2015,3,10,4,2,63,False,False,False,False,False,False
546,118.77108001709,2015,3,10,5,3,64,False,False,False,False,False,False
547,118.949584960938,2015,3,10,6,4,65,False,False,False,False,False,False
548,119.45697021484399,2015,3,11,9,0,68,False,False,False,False,False,False
549,116.985885620117,2015,3,11,10,1,69,False,False,False,False,False,False
550,114.853057861328,2015,3,11,11,2,70,False,False,False,False,False,False
551,116.929496765137,2015,3,11,12,3,71,False,False,False,False,False,False
552,116.121482849121,2015,3,11,13,4,72,False,False,False,False,False,False
553,117.39928436279301,2015,3,12,16,0,75,False,False,False,False,False,False
554,119.362991333008,2015,3,12,17,1,76,False,False,False,False,False,False
555,120.706596374512,2015,3,12,18,2,77,False,False,False,False,False,False
556,119.795204162598,2015,3,12,19,3,78,False,False,False,False,False,False
557,118.291885375977,2015,3,12,20,4,79,False,False,False,False,False,False
558,119.522735595703,2015,3,13,23,0,82,False,False,False,False,False,False
559,119.03415679931601,2015,3,13,24,1,83,False,False,False,False,False,False
560,115.92416381835899,2015,3,13,25,2,84,False,False,False,False,False,False
561,116.73220062255899,2015,3,13,26,3,85,False,False,False,False,False,False
562,115.802032470703,2015,3,13,27,4,86,False,False,False,False,False,False
563,118.733505249023,2015,3,14,30,0,89,False,False,False,False,False,False
564,116.91070556640601,2015,3,14,31,1,90,True,False,True,False,False,False
565,116.741592407227,2015,4,14,1,2,91,False,True,False,True,False,False
566,117.746932983398,2015,4,14,2,3,92,False,False,False,False,False,False
567,119.654258728027,2015,4,15,6,0,96,False,False,False,False,False,False
568,118.395248413086,2015,4,15,7,1,97,False,False,False,False,False,False
569,118.010009765625,2015,4,15,8,2,98,False,False,False,False,False,False
570,118.912002563477,2015,4,15,9,3,99,False,False,False,False,False,False
571,119.41937255859399,2015,4,15,10,4,100,False,False,False,False,False,False
572,119.18448638916,2015,4,16,13,0,103,False,False,False,False,False,False
573,118.667724609375,2015,4,16,14,1,104,False,False,False,False,False,False
574,119.11871337890601,2015,4,16,15,2,105,False,False,False,False,False,False
575,118.545570373535,2015,4,16,16,3,106,False,False,False,False,False,False
576,117.211380004883,2015,4,16,17,4,107,False,False,False,False,False,False
577,119.88915252685499,2015,4,17,20,0,110,False,False,False,False,False,False
578,119.240867614746,2015,4,17,21,1,111,False,False,False,False,False,False
579,120.847511291504,2015,4,17,22,2,112,False,False,False,False,False,False
580,121.83407592773399,2015,4,17,23,3,113,False,False,False,False,False,False
581,122.40720367431601,2015,4,17,24,4,114,False,False,False,False,False,False
582,124.633964538574,2015,4,18,27,0,117,False,False,False,False,False,False
583,122.67029571533199,2015,4,18,28,1,118,False,False,False,False,False,False
584,120.866317749023,2015,4,18,29,2,119,False,False,False,False,False,False
585,117.587211608887,2015,4,18,30,3,120,True,False,False,False,False,False
586,121.15758514404301,2015,5,18,1,4,121,False,True,False,False,False,False
587,120.92268371582001,2015,5,19,4,0,124,False,False,False,False,False,False
588,118.197944641113,2015,5,19,5,1,125,False,False,False,False,False,False
589,117.455665588379,2015,5,19,6,2,126,False,False,False,False,False,False
590,118.182167053223,2015,5,19,7,3,127,False,False,False,False,False,False
591,120.40882110595699,2015,5,19,8,4,128,False,False,False,False,False,False
592,119.18225860595699,2015,5,20,11,0,131,False,False,False,False,False,False
593,118.757690429688,2015,5,20,12,1,132,False,False,False,False,False,False
594,118.889785766602,2015,5,20,13,2,133,False,False,False,False,False,False
595,121.66365814209,2015,5,20,14,3,134,False,False,False,False,False,False
596,121.49383544921899,2015,5,20,15,4,135,False,False,False,False,False,False
597,122.833602905273,2015,5,21,18,0,138,False,False,False,False,False,False
598,122.72038269042999,2015,5,21,19,1,139,False,False,False,False,False,False
599,122.71092987060499,2015,5,21,20,2,140,False,False,False,False,False,False
600,123.965789794922,2015,5,21,21,3,141,False,False,False,False,False,False
601,125.050819396973,2015,5,21,22,4,142,False,False,False,False,False,False
602,122.295799255371,2015,5,22,26,1,146,False,False,False,False,False,False
603,124.579063415527,2015,5,22,27,2,147,False,False,False,False,False,False
604,124.333740234375,2015,5,22,28,3,148,False,False,False,False,False,False
605,122.918510437012,2015,5,22,29,4,149,False,False,False,False,False,False
606,123.16381072997999,2015,6,23,1,0,152,False,True,False,False,False,False
607,122.616600036621,2015,6,23,2,1,153,False,False,False,False,False,False
608,122.767539978027,2015,6,23,3,2,154,False,False,False,False,False,False
609,122.050491333008,2015,6,23,4,3,155,False,False,False,False,False,False
610,121.380615234375,2015,6,23,5,4,156,False,False,False,False,False,False
611,120.578628540039,2015,6,24,8,0,159,False,False,False,False,False,False
612,120.220108032227,2015,6,24,9,1,160,False,False,False,False,False,False
613,121.597625732422,2015,6,24,10,2,161,False,False,False,False,False,False
614,121.324005126953,2015,6,24,11,3,162,False,False,False,False,False,False
615,119.984237670898,2015,6,24,12,4,163,False,False,False,False,False,False
616,119.74836730957001,2015,6,25,15,0,166,False,False,False,False,False,False
617,120.389938354492,2015,6,25,16,1,167,False,False,False,False,False,False
618,120.106895446777,2015,6,25,17,2,168,False,False,False,False,False,False
619,120.654121398926,2015,6,25,18,3,169,False,False,False,False,False,False
620,119.44644165039101,2015,6,25,19,4,170,False,False,False,False,False,False
621,120.399375915527,2015,6,26,22,0,173,False,False,False,False,False,False
622,119.852149963379,2015,6,26,23,1,174,False,False,False,False,False,False
623,120.871131896973,2015,6,26,24,2,175,False,False,False,False,False,False
624,120.29559326171899,2015,6,26,25,3,176,False,False,False,False,False,False
625,119.58797454834,2015,6,26,26,4,177,False,False,False,False,False,False
626,117.493423461914,2015,6,27,29,0,180,False,False,False,False,False,False
627,118.342559814453,2015,6,27,30,1,181,True,False,True,False,False,False
628,119.44644165039101,2015,7,27,1,2,182,False,True,False,True,False,False
629,119.29548645019501,2015,7,27,2,3,183,False,False,False,False,False,False
630,118.880355834961,2015,7,28,6,0,187,False,False,False,False,False,False
631,118.58786773681601,2015,7,28,7,1,188,False,False,False,False,False,False
632,115.644165039062,2015,7,28,8,2,189,False,False,False,False,False,False
633,113.285415649414,2015,7,28,9,3,190,False,False,False,False,False,False
634,116.31404113769501,2015,7,28,10,4,191,False,False,False,False,False,False
635,118.55956268310499,2015,7,29,13,0,194,False,False,False,False,False,False
636,118.512382507324,2015,7,29,14,1,195,False,False,False,False,False,False
637,119.654014587402,2015,7,29,15,2,196,False,False,False,False,False,False
638,121.24852752685499,2015,7,29,16,3,197,False,False,False,False,False,False
639,122.295799255371,2015,7,29,17,4,198,False,False,False,False,False,False
640,124.607368469238,2015,7,30,20,0,201,False,False,False,False,False,False
641,123.361961364746,2015,7,30,21,1,202,False,False,False,False,False,False
642,118.144432067871,2015,7,30,22,2,203,False,False,False,False,False,False
643,118.08780670166,2015,7,30,23,3,204,False,False,False,False,False,False
644,117.46509552002001,2015,7,30,24,4,205,False,False,False,False,False,False
645,115.832847595215,2015,7,31,27,0,208,False,False,False,False,False,False
646,116.408378601074,2015,7,31,28,1,209,False,False,False,False,False,False
647,116.040428161621,2015,7,31,29,2,210,False,False,False,False,False,False
648,115.455459594727,2015,7,31,30,3,211,False,False,False,False,False,False
649,114.445922851562,2015,7,31,31,4,212,True,False,False,False,False,False
650,111.747543334961,2015,8,32,3,0,215,False,False,False,False,False,False
651,108.162246704102,2015,8,32,4,1,216,False,False,False,False,False,False
652,108.87930297851601,2015,8,32,5,2,217,False,False,False,False,False,False
653,109.11623382568399,2015,8,32,6,3,218,False,False,False,False,False,False
654,109.485870361328,2015,8,32,7,4,219,False,False,False,False,False,False
655,113.466499328613,2015,8,33,10,0,222,False,False,False,False,False,False
656,107.561904907227,2015,8,33,11,1,223,False,False,False,False,False,False
657,109.220497131348,2015,8,33,12,2,224,False,False,False,False,False,False
658,109.13519287109399,2015,8,33,13,3,225,False,False,False,False,False,False
659,109.90289306640601,2015,8,33,14,4,226,False,False,False,False,False,False
660,111.040214538574,2015,8,34,17,0,229,False,False,False,False,False,False
661,110.41468048095699,2015,8,34,18,1,230,False,False,False,False,False,False
662,109.00251770019501,2015,8,34,19,2,231,False,False,False,False,False,False
663,106.76579284667999,2015,8,34,20,3,232,False,False,False,False,False,False
664,100.23568725585899,2015,8,34,21,4,233,False,False,False,False,False,False
665,97.7335968017578,2015,8,35,24,0,236,False,False,False,False,False,False
666,98.3212051391602,2015,8,35,25,1,237,False,False,False,False,False,False
667,103.960411071777,2015,8,35,26,2,238,False,False,False,False,False,False
668,107.021690368652,2015,8,35,27,3,239,False,False,False,False,False,False
669,107.372367858887,2015,8,35,28,4,240,False,False,False,False,False,False
670,106.870048522949,2015,8,36,31,0,243,True,False,False,False,False,False
671,102.093315124512,2015,9,36,1,1,244,False,True,False,False,False,False
672,106.47198486328101,2015,9,36,2,2,245,False,False,False,False,False,False
673,104.604881286621,2015,9,36,3,3,246,False,False,False,False,False,False
674,103.56233215332001,2015,9,36,4,4,247,False,False,False,False,False,False
675,106.443550109863,2015,9,37,8,1,251,False,False,False,False,False,False
676,104.39636993408199,2015,9,37,9,2,252,False,False,False,False,False,False
677,106.68996429443399,2015,9,37,10,3,253,False,False,False,False,False,False
678,108.244316101074,2015,9,37,11,4,254,False,False,False,False,False,False
679,109.286827087402,2015,9,38,14,0,257,False,False,False,False,False,False
680,110.20616912841801,2015,9,38,15,1,258,False,False,False,False,False,False
681,110.329376220703,2015,9,38,16,2,259,False,False,False,False,False,False
682,107.969444274902,2015,9,38,17,3,260,False,False,False,False,False,False
683,107.52400207519501,2015,9,38,18,4,261,False,False,False,False,False,False
684,109.19206237792999,2015,9,39,21,0,264,False,False,False,False,False,False
685,107.476608276367,2015,9,39,22,1,265,False,False,False,False,False,False
686,108.34855651855499,2015,9,39,23,2,266,False,False,False,False,False,False
687,108.993041992188,2015,9,39,24,3,267,False,False,False,False,False,False
688,108.71817779541,2015,9,39,25,4,268,False,False,False,False,False,False
689,106.566749572754,2015,9,40,28,0,271,False,False,False,False,False,False
690,103.363311767578,2015,9,40,29,1,272,False,False,False,False,False,False
691,104.53855133056601,2015,9,40,30,2,273,True,False,True,False,False,False
692,103.856147766113,2015,10,40,1,3,274,False,True,False,True,False,False
693,104.614356994629,2015,10,40,2,4,275,False,False,False,False,False,False
694,104.99346923828101,2015,10,41,5,0,278,False,False,False,False,False,False
695,105.495780944824,2015,10,41,6,1,279,False,False,False,False,False,False
696,104.99346923828101,2015,10,41,7,2,280,False,False,False,False,False,False
697,103.780326843262,2015,10,41,8,3,281,False,False,False,False,False,False
698,106.263465881348,2015,10,41,9,4,282,False,False,False,False,False,False
699,105.770629882812,2015,10,42,12,0,285,False,False,False,False,False,False
700,105.950698852539,2015,10,42,13,1,286,False,False,False,False,False,False
701,104.453231811523,2015,10,42,14,2,287,False,False,False,False,False,False
702,106.017059326172,2015,10,42,15,3,288,False,False,False,False,False,False
703,105.239891052246,2015,10,42,16,4,289,False,False,False,False,False,False
704,105.893852233887,2015,10,43,19,0,292,False,False,False,False,False,False
705,107.827285766602,2015,10,43,20,1,293,False,False,False,False,False,False
706,107.817802429199,2015,10,43,21,2,294,False,False,False,False,False,False
707,109.466918945312,2015,10,43,22,3,295,False,False,False,False,False,False
708,112.859916687012,2015,10,43,23,4,296,False,False,False,False,False,False
709,109.25841522216801,2015,10,44,26,0,299,False,False,False,False,False,False
710,108.566543579102,2015,10,44,27,1,300,False,False,False,False,False,False
711,113.039985656738,2015,10,44,28,2,301,False,False,False,False,False,False
712,114.234176635742,2015,10,44,29,3,302,False,False,False,False,False,False
713,113.25798034667999,2015,10,44,30,4,303,False,False,False,False,False,False
714,114.85022735595699,2015,11,45,2,0,306,False,False,False,False,False,False
715,116.16761016845699,2015,11,45,3,1,307,False,False,False,False,False,False
716,115.627395629883,2015,11,45,4,2,308,False,False,False,False,False,False
717,115.09436798095699,2015,11,45,5,3,309,False,False,False,False,False,False
718,115.22762298584,2015,11,45,6,4,310,False,False,False,False,False,False
719,114.76123809814501,2015,11,46,9,0,313,False,False,False,False,False,False
720,111.144302368164,2015,11,46,10,1,314,False,False,False,False,False,False
721,110.51611328125,2015,11,46,11,2,315,False,False,False,False,False,False
722,110.14488983154301,2015,11,46,12,3,316,False,False,False,False,False,False
723,106.927734375,2015,11,46,13,4,317,False,False,False,False,False,False
724,108.67908477783199,2015,11,47,16,0,320,False,False,False,False,False,False
725,108.212699890137,2015,11,47,17,1,321,False,False,False,False,False,False
726,111.63923645019501,2015,11,47,18,2,322,False,False,False,False,False,False
727,113.05744934082001,2015,11,47,19,3,323,False,False,False,False,False,False
728,113.55241394042999,2015,11,47,20,4,324,False,False,False,False,False,False
729,112.07708740234399,2015,11,48,23,0,327,False,False,False,False,False,False
730,113.15264892578101,2015,11,48,24,1,328,False,False,False,False,False,False
731,112.343605041504,2015,11,48,25,2,329,False,False,False,False,False,False
732,112.134208679199,2015,11,48,27,4,331,False,False,False,False,False,False
733,112.60059356689501,2015,11,49,30,0,334,True,False,False,False,False,False
734,111.686836242676,2015,12,49,1,1,335,False,True,False,False,False,False
735,110.677909851074,2015,12,49,2,2,336,False,False,False,False,False,False
736,109.649940490723,2015,12,49,3,3,337,False,False,False,False,False,False
737,113.29541015625,2015,12,49,4,4,338,False,False,False,False,False,False
738,112.581558227539,2015,12,50,7,0,341,False,False,False,False,False,False
739,112.533966064453,2015,12,50,8,1,342,False,False,False,False,False,False
740,110.049705505371,2015,12,50,9,2,343,False,False,False,False,False,False
741,110.573204040527,2015,12,50,10,3,344,False,False,False,False,False,False
742,107.72727203369101,2015,12,50,11,4,345,False,False,False,False,False,False
743,107.060997009277,2015,12,51,14,0,348,False,False,False,False,False,False
744,105.166854858398,2015,12,51,15,1,349,False,False,False,False,False,False
745,105.975898742676,2015,12,51,16,2,350,False,False,False,False,False,False
746,103.72960662841801,2015,12,51,17,3,351,False,False,False,False,False,False
747,100.921737670898,2015,12,51,18,4,352,False,False,False,False,False,False
748,102.159111022949,2015,12,52,21,0,355,False,False,False,False,False,False
749,102.063919067383,2015,12,52,22,1,356,False,False,False,False,False,False
750,103.37743377685499,2015,12,52,23,2,357,False,False,False,False,False,False
751,102.82537841796899,2015,12,52,24,3,358,False,False,False,False,False,False
752,101.673683166504,2015,12,53,28,0,362,False,False,False,False,False,False
753,103.50115966796899,2015,12,53,29,1,363,False,False,False,False,False,False
754,102.149589538574,2015,12,53,30,2,364,False,False,False,False,False,False
755,100.18883514404301,2015,12,53,31,3,365,True,False,True,False,True,False
756,100.274513244629,2016,1,1,4,0,4,False,False,False,False,False,False
757,97.7616806030273,2016,1,1,5,1,5,False,False,False,False,False,False
758,95.8485107421875,2016,1,1,6,2,6,False,False,False,False,False,False
759,91.8032760620117,2016,1,1,7,3,7,False,False,False,False,False,False
760,92.2886962890625,2016,1,1,8,4,8,False,False,False,False,False,False
761,93.78307342529301,2016,1,2,11,0,11,False,False,False,False,False,False
762,95.1441650390625,2016,1,2,12,1,12,False,False,False,False,False,False
763,92.69799041748051,2016,1,2,13,2,13,False,False,False,False,False,False
764,94.72537231445308,2016,1,2,14,3,14,False,False,False,False,False,False
765,92.4505157470703,2016,1,2,15,4,15,False,False,False,False,False,False
766,92.00316619873051,2016,1,3,19,1,19,False,False,False,False,False,False
767,92.1268997192383,2016,1,3,20,2,20,False,False,False,False,False,False
768,91.6604995727539,2016,1,3,21,3,21,False,False,False,False,False,False
769,96.5338363647461,2016,1,3,22,4,22,False,False,False,False,False,False
770,94.6492385864258,2016,1,4,25,0,25,False,False,False,False,False,False
771,95.1727294921875,2016,1,4,26,1,26,False,False,False,False,False,False
772,88.91925048828121,2016,1,4,27,2,27,False,False,False,False,False,False
773,89.55697631835942,2016,1,4,28,3,28,False,False,False,False,False,False
774,92.650390625,2016,1,4,29,4,29,False,False,False,False,False,False
775,91.78424072265621,2016,2,5,1,0,32,False,True,False,False,False,False
776,89.92819213867192,2016,2,5,2,1,33,False,False,False,False,False,False
777,91.70809936523442,2016,2,5,3,2,34,False,False,False,False,False,False
778,92.4449691772461,2016,2,5,4,3,35,False,False,False,False,False,False
779,89.9759292602539,2016,2,5,5,4,36,False,False,False,False,False,False
780,90.9233551025391,2016,2,6,8,0,39,False,False,False,False,False,False
781,90.9042129516602,2016,2,6,9,1,40,False,False,False,False,False,False
782,90.2151870727539,2016,2,6,10,2,41,False,False,False,False,False,False
783,89.6697158813477,2016,2,6,11,3,42,False,False,False,False,False,False
784,89.9472427368164,2016,2,6,12,4,43,False,False,False,False,False,False
785,92.48324584960942,2016,2,7,16,1,47,False,False,False,False,False,False
786,93.89959716796879,2016,2,7,17,2,48,False,False,False,False,False,False
787,92.1196060180664,2016,2,7,18,3,49,False,False,False,False,False,False
788,91.90904998779301,2016,2,7,19,4,50,False,False,False,False,False,False
789,92.71292114257808,2016,2,8,22,0,53,False,False,False,False,False,False
790,90.6171340942383,2016,2,8,23,1,54,False,False,False,False,False,False
791,91.9664688110352,2016,2,8,24,2,55,False,False,False,False,False,False
792,92.5980987548828,2016,2,8,25,3,56,False,False,False,False,False,False
793,92.74163818359379,2016,2,8,26,4,57,False,False,False,False,False,False
794,92.5311126708984,2016,2,9,29,0,60,True,False,False,False,False,False
795,96.20592498779301,2016,3,9,1,1,61,False,True,False,False,False,False
796,96.4164657592773,2016,3,9,2,2,62,False,False,False,False,False,False
797,97.1342086791992,2016,3,9,3,3,63,False,False,False,False,False,False
798,98.5792694091797,2016,3,9,4,4,64,False,False,False,False,False,False
799,97.4883041381836,2016,3,10,7,0,67,False,False,False,False,False,False
800,96.6844100952148,2016,3,10,8,1,68,False,False,False,False,False,False
801,96.7705535888672,2016,3,10,9,2,69,False,False,False,False,False,False
802,96.81838989257808,2016,3,10,10,3,70,False,False,False,False,False,False
803,97.8615264892578,2016,3,10,11,4,71,False,False,False,False,False,False
804,98.1103286743164,2016,3,11,14,0,74,False,False,False,False,False,False
805,100.08172607421899,2016,3,11,15,1,75,False,False,False,False,False,False
806,101.41195678710899,2016,3,11,16,2,76,False,False,False,False,False,False
807,101.24925994872999,2016,3,11,17,3,77,False,False,False,False,False,False
808,101.364082336426,2016,3,11,18,4,78,False,False,False,False,False,False
809,101.35451507568399,2016,3,12,21,0,81,False,False,False,False,False,False
810,102.129684448242,2016,3,12,22,1,82,False,False,False,False,False,False
811,101.56505584716801,2016,3,12,23,2,83,False,False,False,False,False,False
812,101.124839782715,2016,3,12,24,3,84,False,False,False,False,False,False
813,100.665496826172,2016,3,13,28,0,88,False,False,False,False,False,False
814,103.048385620117,2016,3,13,29,1,89,False,False,False,False,False,False
815,104.84752655029301,2016,3,13,30,2,90,False,False,False,False,False,False
816,104.302032470703,2016,3,13,31,3,91,True,False,True,False,False,False
817,105.259033203125,2016,4,13,1,4,92,False,True,False,True,False,False
818,106.34044647216801,2016,4,14,4,0,95,False,False,False,False,False,False
819,105.086776733398,2016,4,14,5,1,96,False,False,False,False,False,False
820,106.187309265137,2016,4,14,6,2,97,False,False,False,False,False,False
821,103.87139892578101,2016,4,14,7,3,98,False,False,False,False,False,False
822,103.98623657226601,2016,4,14,8,4,99,False,False,False,False,False,False
823,104.33073425292999,2016,4,15,11,0,102,False,False,False,False,False,False
824,105.68967437744101,2016,4,15,12,1,103,False,False,False,False,False,False
825,107.220863342285,2016,4,15,13,2,104,False,False,False,False,False,False
826,107.278266906738,2016,4,15,14,3,105,False,False,False,False,False,False
827,105.125053405762,2016,4,15,15,4,106,False,False,False,False,False,False
828,102.85699462890601,2016,4,16,18,0,109,False,False,False,False,False,False
829,102.31150054931601,2016,4,16,19,1,110,False,False,False,False,False,False
830,102.52204895019501,2016,4,16,20,2,111,False,False,False,False,False,False
831,101.41195678710899,2016,4,16,21,3,112,False,False,False,False,False,False
832,101.134422302246,2016,4,16,22,4,113,False,False,False,False,False,False
833,100.560218811035,2016,4,17,25,0,116,False,False,False,False,False,False
834,99.8616104125977,2016,4,17,26,1,117,False,False,False,False,False,False
835,93.6125030517578,2016,4,17,27,2,118,False,False,False,False,False,False
836,90.75110626220699,2016,4,17,28,3,119,False,False,False,False,False,False
837,89.7079849243164,2016,4,17,29,4,120,False,False,False,False,False,False
838,89.6122817993164,2016,5,18,2,0,123,False,False,False,False,False,False
839,91.0860443115234,2016,5,18,3,1,124,False,False,False,False,False,False
840,90.1386260986328,2016,5,18,4,2,125,False,False,False,False,False,False
841,89.7727508544922,2016,5,18,5,3,126,False,False,False,False,False,False
842,89.2720947265625,2016,5,18,6,4,127,False,False,False,False,False,False
843,89.3395004272461,2016,5,19,9,0,130,False,False,False,False,False,False
844,89.9460678100586,2016,5,19,10,1,131,False,False,False,False,False,False
845,89.0699081420898,2016,5,19,11,2,132,False,False,False,False,False,False
846,86.9805908203125,2016,5,19,12,3,133,False,False,False,False,False,False
847,87.1539077758789,2016,5,19,13,4,134,False,False,False,False,False,False
848,90.3889617919922,2016,5,20,16,0,137,False,False,False,False,False,False
849,90.0134735107422,2016,5,20,17,1,138,False,False,False,False,False,False
850,91.0436859130859,2016,5,20,18,2,139,False,False,False,False,False,False
851,90.6970596313477,2016,5,20,19,3,140,False,False,False,False,False,False
852,91.6791305541992,2016,5,20,20,4,141,False,False,False,False,False,False
853,92.84412384033199,2016,5,21,23,0,144,False,False,False,False,False,False
854,94.2594680786133,2016,5,21,24,1,145,False,False,False,False,False,False
855,95.9155044555664,2016,5,21,25,2,146,False,False,False,False,False,False
856,96.6761322021484,2016,5,21,26,3,147,False,False,False,False,False,False
857,96.6183547973633,2016,5,21,27,4,148,False,False,False,False,False,False
858,96.14659881591801,2016,5,22,31,1,152,True,False,False,False,False,False
859,94.7986526489258,2016,6,22,1,2,153,False,True,False,False,False,False
860,94.086181640625,2016,6,22,2,3,154,False,False,False,False,False,False
861,94.2787246704102,2016,6,22,3,4,155,False,False,False,False,False,False
862,94.9623184204102,2016,6,23,6,0,158,False,False,False,False,False,False
863,95.3474502563477,2016,6,23,7,1,159,False,False,False,False,False,False
864,95.26080322265621,2016,6,23,8,2,160,False,False,False,False,False,False
865,95.94439697265621,2016,6,23,9,3,161,False,False,False,False,False,False
866,95.1549072265625,2016,6,23,10,4,162,False,False,False,False,False,False
867,93.72030639648442,2016,6,24,13,0,165,False,False,False,False,False,False
868,93.83582305908199,2016,6,24,14,1,166,False,False,False,False,False,False
869,93.5277252197266,2016,6,24,15,2,167,False,False,False,False,False,False
870,93.9224853515625,2016,6,24,16,3,168,False,False,False,False,False,False
871,91.78504180908199,2016,6,24,17,4,169,False,False,False,False,False,False
872,91.5635986328125,2016,6,25,20,0,172,False,False,False,False,False,False
873,92.34347534179692,2016,6,25,21,1,173,False,False,False,False,False,False
874,91.9968719482422,2016,6,25,22,2,174,False,False,False,False,False,False
875,92.5264053344727,2016,6,25,23,3,175,False,False,False,False,False,False
876,89.92681884765621,2016,6,25,24,4,176,False,False,False,False,False,False
877,88.6173782348633,2016,6,26,27,0,179,False,False,False,False,False,False
878,90.10974884033199,2016,6,26,28,1,180,False,False,False,False,False,False
879,90.8896331787109,2016,6,26,29,2,181,False,False,False,False,False,False
880,92.0450057983398,2016,6,26,30,3,182,True,False,True,False,False,False
881,92.32421875,2016,7,26,1,4,183,False,True,False,True,False,False
882,91.4576797485352,2016,7,27,5,1,187,False,False,False,False,False,False
883,91.9776153564453,2016,7,27,6,2,188,False,False,False,False,False,False
884,92.3723678588867,2016,7,27,7,3,189,False,False,False,False,False,False
885,93.08484649658199,2016,7,27,8,4,190,False,False,False,False,False,False
886,93.37368774414058,2016,7,28,11,0,193,False,False,False,False,False,False
887,93.7973175048828,2016,7,28,12,1,194,False,False,False,False,False,False
888,93.2677688598633,2016,7,28,13,2,195,False,False,False,False,False,False
889,95.1163787841797,2016,7,28,14,3,196,False,False,False,False,False,False
890,95.1067428588867,2016,7,28,15,4,197,False,False,False,False,False,False
891,96.1177139282227,2016,7,29,18,0,200,False,False,False,False,False,False
892,96.15621948242192,2016,7,29,19,1,201,False,False,False,False,False,False
893,96.2428665161133,2016,7,29,20,2,202,False,False,False,False,False,False
894,95.7325820922852,2016,7,29,21,3,203,False,False,False,False,False,False
895,94.9912109375,2016,7,29,22,4,204,False,False,False,False,False,False
896,93.72030639648442,2016,7,30,25,0,207,False,False,False,False,False,False
897,93.0752105712891,2016,7,30,26,1,208,False,False,False,False,False,False
898,99.12167358398442,2016,7,30,27,2,209,False,False,False,False,False,False
899,100.459991455078,2016,7,30,28,3,210,False,False,False,False,False,False
900,100.334823608398,2016,7,30,29,4,211,False,False,False,False,False,False
901,102.106414794922,2016,8,31,1,0,214,False,True,False,False,False,False
902,100.59478759765601,2016,8,31,2,1,215,False,False,False,False,False,False
903,101.85607147216801,2016,8,31,3,2,216,False,False,False,False,False,False
904,102.485298156738,2016,8,31,4,3,217,False,False,False,False,False,False
905,104.043823242188,2016,8,31,5,4,218,False,False,False,False,False,False
906,104.90536499023399,2016,8,32,8,0,221,False,False,False,False,False,False
907,105.33129119872999,2016,8,32,9,1,222,False,False,False,False,False,False
908,104.547203063965,2016,8,32,10,2,223,False,False,False,False,False,False
909,104.479438781738,2016,8,32,11,3,224,False,False,False,False,False,False
910,104.721435546875,2016,8,32,12,4,225,False,False,False,False,False,False
911,105.97988891601601,2016,8,33,15,0,228,False,False,False,False,False,False
912,105.88307952880899,2016,8,33,16,1,229,False,False,False,False,False,False
913,105.72819519042999,2016,8,33,17,2,230,False,False,False,False,False,False
914,105.592674255371,2016,8,33,18,3,231,False,False,False,False,False,False
915,105.863716125488,2016,8,33,19,4,232,False,False,False,False,False,False
916,105.04090118408199,2016,8,34,22,0,235,False,False,False,False,False,False
917,105.37003326416,2016,8,34,23,1,236,False,False,False,False,False,False
918,104.576240539551,2016,8,34,24,2,237,False,False,False,False,False,False
919,104.13095092773399,2016,8,34,25,3,238,False,False,False,False,False,False
920,103.52108764648399,2016,8,34,26,4,239,False,False,False,False,False,False
921,103.404922485352,2016,8,35,29,0,242,False,False,False,False,False,False
922,102.611137390137,2016,8,35,30,1,243,False,False,False,False,False,False
923,102.707939147949,2016,8,35,31,2,244,True,False,False,False,False,False
924,103.31779479980499,2016,9,35,1,3,245,False,True,False,False,False,False
925,104.285842895508,2016,9,35,2,4,246,False,False,False,False,False,False
926,104.256782531738,2016,9,36,6,1,250,False,False,False,False,False,False
927,104.895683288574,2016,9,36,7,2,251,False,False,False,False,False,False
928,102.14647674560499,2016,9,36,8,3,252,False,False,False,False,False,False
929,99.83289337158199,2016,9,36,9,4,253,False,False,False,False,False,False
930,102.069046020508,2016,9,37,12,0,256,False,False,False,False,False,False
931,104.498794555664,2016,9,37,13,1,257,False,False,False,False,False,False
932,108.19666290283199,2016,9,37,14,2,258,False,False,False,False,False,False
933,111.875175476074,2016,9,37,15,3,259,False,False,False,False,False,False
934,111.245971679688,2016,9,37,16,4,260,False,False,False,False,False,False
935,109.94880676269501,2016,9,38,19,0,263,False,False,False,False,False,False
936,109.939125061035,2016,9,38,20,1,264,False,False,False,False,False,False
937,109.919761657715,2016,9,38,21,2,265,False,False,False,False,False,False
938,110.95555877685499,2016,9,38,22,3,266,False,False,False,False,False,False
939,109.10661315917999,2016,9,38,23,4,267,False,False,False,False,False,False
940,109.271186828613,2016,9,39,26,0,270,False,False,False,False,False,False
941,109.47445678710899,2016,9,39,27,1,271,False,False,False,False,False,False
942,110.30697631835899,2016,9,39,28,2,272,False,False,False,False,False,False
943,108.593559265137,2016,9,39,29,3,273,False,False,False,False,False,False
944,109.435752868652,2016,9,39,30,4,274,True,False,True,False,False,False
945,108.92268371582001,2016,10,40,3,0,277,False,False,False,False,False,False
946,109.387351989746,2016,10,40,4,1,278,False,False,False,False,False,False
947,109.435752868652,2016,10,40,5,2,279,False,False,False,False,False,False
948,110.248878479004,2016,10,40,6,3,280,False,False,False,False,False,False
949,110.41344451904301,2016,10,40,7,4,281,False,False,False,False,False,False
950,112.33983612060499,2016,10,41,10,0,284,False,False,False,False,False,False
951,112.581855773926,2016,10,41,11,1,285,False,False,False,False,False,False
952,113.588592529297,2016,10,41,12,2,286,False,False,False,False,False,False
953,113.240112304688,2016,10,41,13,3,287,False,False,False,False,False,False
954,113.86932373046899,2016,10,41,14,4,288,False,False,False,False,False,False
955,113.791885375977,2016,10,42,17,0,291,False,False,False,False,False,False
956,113.71443939209,2016,10,42,18,1,292,False,False,False,False,False,False
957,113.375625610352,2016,10,42,19,2,293,False,False,False,False,False,False
958,113.317543029785,2016,10,42,20,3,294,False,False,False,False,False,False
959,112.872245788574,2016,10,42,21,4,295,False,False,False,False,False,False
960,113.88867950439501,2016,10,43,24,0,298,False,False,False,False,False,False
961,114.469497680664,2016,10,43,25,1,299,False,False,False,False,False,False
962,111.89453125,2016,10,43,26,2,300,False,False,False,False,False,False
963,110.820037841797,2016,10,43,27,3,301,False,False,False,False,False,False
964,110.08432006835899,2016,10,43,28,4,302,False,False,False,False,False,False
965,109.91007995605499,2016,10,44,31,0,305,True,False,False,False,False,False
966,107.925621032715,2016,11,44,1,1,306,False,True,False,False,False,False
967,108.022415161133,2016,11,44,2,2,307,False,False,False,False,False,False
968,106.86456298828101,2016,11,44,3,3,308,False,False,False,False,False,False
969,105.90128326416,2016,11,44,4,4,309,False,False,False,False,False,False
970,107.42889404296899,2016,11,45,7,0,312,False,False,False,False,False,False
971,108.061332702637,2016,11,45,8,1,313,False,False,False,False,False,False
972,107.88620758056601,2016,11,45,9,2,314,False,False,False,False,False,False
973,104.879638671875,2016,11,45,10,3,315,False,False,False,False,False,False
974,105.50234985351601,2016,11,45,11,4,316,False,False,False,False,False,False
975,102.85580444335899,2016,11,46,14,0,319,False,False,False,False,False,False
976,104.218002319336,2016,11,46,15,1,320,False,False,False,False,False,False
977,107.020233154297,2016,11,46,16,2,321,False,False,False,False,False,False
978,106.98131561279301,2016,11,46,17,3,322,False,False,False,False,False,False
979,107.088348388672,2016,11,46,18,4,323,False,False,False,False,False,False
980,108.71326446533199,2016,11,47,21,0,326,False,False,False,False,False,False
981,108.781372070312,2016,11,47,22,1,327,False,False,False,False,False,False
982,108.226760864258,2016,11,47,23,2,328,False,False,False,False,False,False
983,108.771629333496,2016,11,47,25,4,330,False,False,False,False,False,False
984,108.557579040527,2016,11,48,28,0,333,False,False,False,False,False,False
985,108.450546264648,2016,11,48,29,1,334,False,False,False,False,False,False
986,107.535919189453,2016,11,48,30,2,335,True,False,False,False,False,False
987,106.533737182617,2016,12,48,1,3,336,False,True,False,False,False,False
988,106.93267822265601,2016,12,48,2,4,337,False,False,False,False,False,False
989,106.163993835449,2016,12,49,5,0,340,False,False,False,False,False,False
990,106.98131561279301,2016,12,49,6,1,341,False,False,False,False,False,False
991,108.03215026855499,2016,12,49,7,2,342,False,False,False,False,False,False
992,109.092727661133,2016,12,49,8,3,343,False,False,False,False,False,False
993,110.873321533203,2016,12,49,9,4,344,False,False,False,False,False,False
994,110.240867614746,2016,12,50,12,0,347,False,False,False,False,False,False
995,112.079833984375,2016,12,50,13,1,348,False,False,False,False,False,False
996,112.079833984375,2016,12,50,14,2,349,False,False,False,False,False,False
997,112.692825317383,2016,12,50,15,3,350,False,False,False,False,False,False
998,112.838768005371,2016,12,50,16,4,351,False,False,False,False,False,False
999,113.490684509277,2016,12,51,19,0,354,False,False,False,False,False,False
1000,113.79231262207001,2016,12,51,20,1,355,False,False,False,False,False,False
1001,113.89933776855499,2016,12,51,21,2,356,False,False,False,False,False,False
1002,113.15013885497999,2016,12,51,22,3,357,False,False,False,False,False,False
1003,113.373916625977,2016,12,51,23,4,358,False,False,False,False,False,False
1004,114.093948364258,2016,12,52,27,1,362,False,False,False,False,False,False
1005,113.60744476318399,2016,12,52,28,2,363,False,False,False,False,False,False
1006,113.578247070312,2016,12,52,29,3,364,False,False,False,False,False,False
1007,112.692825317383,2016,12,52,30,4,365,False,False,False,False,False,False
1008,113.013916015625,2017,1,1,3,1,3,False,False,False,False,False,False
1009,112.887413024902,2017,1,1,4,2,4,False,False,False,False,False,False
1010,113.46150207519501,2017,1,1,5,3,5,False,False,False,False,False,False
1011,114.726402282715,2017,1,1,6,4,6,False,False,False,False,False,False
1012,115.777236938477,2017,1,2,9,0,9,False,False,False,False,False,False
1013,115.893997192383,2017,1,2,10,1,10,False,False,False,False,False,False
1014,116.516708374023,2017,1,2,11,2,11,False,False,False,False,False,False
1015,116.03021240234399,2017,1,2,12,3,12,False,False,False,False,False,False
1016,115.825881958008,2017,1,2,13,4,13,False,False,False,False,False,False
1017,116.759971618652,2017,1,3,17,1,17,False,False,False,False,False,False
1018,116.750228881836,2017,1,3,18,2,18,False,False,False,False,False,False
1019,116.5458984375,2017,1,3,19,3,19,False,False,False,False,False,False
1020,116.759971618652,2017,1,3,20,4,20,False,False,False,False,False,False
1021,116.83779907226601,2017,1,4,23,0,23,False,False,False,False,False,False
1022,116.73077392578101,2017,1,4,24,1,24,False,False,False,False,False,False
1023,118.589195251465,2017,1,4,25,2,25,False,False,False,False,False,False
1024,118.647583007812,2017,1,4,26,3,26,False,False,False,False,False,False
1025,118.65730285644501,2017,1,4,27,4,27,False,False,False,False,False,False
1026,118.345947265625,2017,1,5,30,0,30,False,False,False,False,False,False
1027,118.073516845703,2017,1,5,31,1,31,True,False,False,False,False,False
1028,125.27370452880899,2017,2,5,1,2,32,False,True,False,False,False,False
1029,125.05965423584,2017,2,5,2,3,33,False,False,False,False,False,False
1030,125.59480285644501,2017,2,5,3,4,34,False,False,False,False,False,False
1031,126.77212524414101,2017,2,6,6,0,37,False,False,False,False,False,False
1032,127.97863006591801,2017,2,6,7,1,38,False,False,False,False,False,False
1033,128.474868774414,2017,2,6,8,2,39,False,False,False,False,False,False
1034,129.403228759766,2017,2,6,9,3,40,False,False,False,False,False,False
1035,129.11007690429702,2017,2,6,10,4,41,False,False,False,False,False,False
1036,130.25341796875,2017,2,7,13,0,44,False,False,False,False,False,False
1037,131.94401550293,2017,2,7,14,1,45,False,False,False,False,False,False
1038,132.422836303711,2017,2,7,15,2,46,False,False,False,False,False,False
1039,132.266494750977,2017,2,7,16,3,47,False,False,False,False,False,False
1040,132.628067016602,2017,2,7,17,4,48,False,False,False,False,False,False
1041,133.58572387695298,2017,2,8,21,1,52,False,False,False,False,False,False
1042,133.986389160156,2017,2,8,22,2,53,False,False,False,False,False,False
1043,133.41960144043,2017,2,8,23,3,54,False,False,False,False,False,False
1044,133.54666137695298,2017,2,8,24,4,55,False,False,False,False,False,False
1045,133.810470581055,2017,2,9,27,0,58,False,False,False,False,False,False
1046,133.86911010742202,2017,2,9,28,1,59,True,False,False,False,False,False
1047,136.605331420898,2017,3,9,1,2,60,False,True,False,False,False,False
1048,135.794250488281,2017,3,9,2,3,61,False,False,False,False,False,False
1049,136.595565795898,2017,3,9,3,4,62,False,False,False,False,False,False
1050,136.165573120117,2017,3,10,6,0,65,False,False,False,False,False,False
1051,136.34147644043,2017,3,10,7,1,66,False,False,False,False,False,False
1052,135.833343505859,2017,3,10,8,2,67,False,False,False,False,False,False
1053,135.520599365234,2017,3,10,9,3,68,False,False,False,False,False,False
1054,135.970138549805,2017,3,10,10,4,69,False,False,False,False,False,False
1055,136.028747558594,2017,3,11,13,0,72,False,False,False,False,False,False
1056,135.823547363281,2017,3,11,14,1,73,False,False,False,False,False,False
1057,137.260070800781,2017,3,11,15,2,74,False,False,False,False,False,False
1058,137.484817504883,2017,3,11,16,3,75,False,False,False,False,False,False
1059,136.800796508789,2017,3,11,17,4,76,False,False,False,False,False,False
1060,138.2373046875,2017,3,12,20,0,79,False,False,False,False,False,False
1061,136.654190063477,2017,3,12,21,1,80,False,False,False,False,False,False
1062,138.19821166992202,2017,3,12,22,2,81,False,False,False,False,False,False
1063,137.709579467773,2017,3,12,23,3,82,False,False,False,False,False,False
1064,137.435974121094,2017,3,12,24,4,83,False,False,False,False,False,False
1065,137.67053222656202,2017,3,13,27,0,86,False,False,False,False,False,False
1066,140.523986816406,2017,3,13,28,1,87,False,False,False,False,False,False
1067,140.83670043945298,2017,3,13,29,2,88,False,False,False,False,False,False
1068,140.651016235352,2017,3,13,30,3,89,False,False,False,False,False,False
1069,140.38717651367202,2017,3,13,31,4,90,True,False,True,False,False,False
1070,140.426254272461,2017,4,14,3,0,93,False,False,False,False,False,False
1071,141.471878051758,2017,4,14,4,1,94,False,False,False,False,False,False
1072,140.73898315429702,2017,4,14,5,2,95,False,False,False,False,False,False
1073,140.38717651367202,2017,4,14,6,3,96,False,False,False,False,False,False
1074,140.074462890625,2017,4,14,7,4,97,False,False,False,False,False,False
1075,139.90832519531202,2017,4,15,10,0,100,False,False,False,False,False,False
1076,138.403427124023,2017,4,15,11,1,101,False,False,False,False,False,False
1077,138.56954956054702,2017,4,15,12,2,102,False,False,False,False,False,False
1078,137.836624145508,2017,4,15,13,3,103,False,False,False,False,False,False
1079,138.598861694336,2017,4,16,17,0,107,False,False,False,False,False,False
1080,137.983200073242,2017,4,16,18,1,108,False,False,False,False,False,False
1081,137.475051879883,2017,4,16,19,2,109,False,False,False,False,False,False
1082,139.194961547852,2017,4,16,20,3,110,False,False,False,False,False,False
1083,139.028854370117,2017,4,16,21,4,111,False,False,False,False,False,False
1084,140.367630004883,2017,4,17,24,0,114,False,False,False,False,False,False
1085,141.237350463867,2017,4,17,25,1,115,False,False,False,False,False,False
1086,140.406723022461,2017,4,17,26,2,116,False,False,False,False,False,False
1087,140.51419067382798,2017,4,17,27,3,117,False,False,False,False,False,False
1088,140.377380371094,2017,4,17,28,4,118,False,False,False,False,False,False
1089,143.240646362305,2017,5,18,1,0,121,False,True,False,False,False,False
1090,144.149475097656,2017,5,18,2,1,122,False,False,False,False,False,False
1091,143.709701538086,2017,5,18,3,2,123,False,False,False,False,False,False
1092,143.19177246093798,2017,5,18,4,3,124,False,False,False,False,False,False
1093,145.566421508789,2017,5,18,5,4,125,False,False,False,False,False,False
1094,149.52413940429702,2017,5,19,8,0,128,False,False,False,False,False,False
1095,150.481842041016,2017,5,19,9,1,129,False,False,False,False,False,False
1096,149.768447875977,2017,5,19,10,2,130,False,False,False,False,False,False
1097,151.063705444336,2017,5,19,11,3,131,False,False,False,False,False,False
1098,153.173400878906,2017,5,19,12,4,132,False,False,False,False,False,False
1099,152.780899047852,2017,5,20,15,0,135,False,False,False,False,False,False
1100,152.555236816406,2017,5,20,16,1,136,False,False,False,False,False,False
1101,147.43307495117202,2017,5,20,17,2,137,False,False,False,False,False,False
1102,149.68014526367202,2017,5,20,18,3,138,False,False,False,False,False,False
1103,150.190383911133,2017,5,20,19,4,139,False,False,False,False,False,False
1104,151.102981567383,2017,5,21,22,0,142,False,False,False,False,False,False
1105,150.916519165039,2017,5,21,23,1,143,False,False,False,False,False,False
1106,150.465148925781,2017,5,21,24,2,144,False,False,False,False,False,False
1107,150.985198974609,2017,5,21,25,3,145,False,False,False,False,False,False
1108,150.730072021484,2017,5,21,26,4,146,False,False,False,False,False,False
1109,150.788955688477,2017,5,22,30,1,150,False,False,False,False,False,False
1110,149.896011352539,2017,5,22,31,2,151,True,False,False,False,False,False
1111,150.30813598632798,2017,6,22,1,3,152,False,True,False,False,False,False
1112,152.535598754883,2017,6,22,2,4,153,False,False,False,False,False,False
1113,151.04406738281202,2017,6,23,5,0,156,False,False,False,False,False,False
1114,151.55432128906202,2017,6,23,6,1,157,False,False,False,False,False,False
1115,152.457092285156,2017,6,23,7,2,158,False,False,False,False,False,False
1116,152.084213256836,2017,6,23,8,3,159,False,False,False,False,False,False
1117,146.186874389648,2017,6,23,9,4,160,False,False,False,False,False,False
1118,142.693649291992,2017,6,24,12,0,163,False,False,False,False,False,False
1119,143.841690063477,2017,6,24,13,1,164,False,False,False,False,False,False
1120,142.43850708007798,2017,6,24,14,2,165,False,False,False,False,False,False
1121,141.584808349609,2017,6,24,15,3,166,False,False,False,False,False,False
1122,139.60270690918,2017,6,24,16,4,167,False,False,False,False,False,False
1123,143.596374511719,2017,6,25,19,0,170,False,False,False,False,False,False
1124,142.291320800781,2017,6,25,20,1,171,False,False,False,False,False,False
1125,143.135192871094,2017,6,25,21,2,172,False,False,False,False,False,False
1126,142.899703979492,2017,6,25,22,3,173,False,False,False,False,False,False
1127,143.537506103516,2017,6,25,23,4,174,False,False,False,False,False,False
1128,143.086135864258,2017,6,26,26,0,177,False,False,False,False,False,False
1129,141.035308837891,2017,6,26,27,1,178,False,False,False,False,False,False
1130,143.095947265625,2017,6,26,28,2,179,False,False,False,False,False,False
1131,140.986251831055,2017,6,26,29,3,180,False,False,False,False,False,False
1132,141.319900512695,2017,6,26,30,4,181,True,False,True,False,False,False
1133,140.809631347656,2017,7,27,3,0,184,False,False,False,False,False,False
1134,141.388565063477,2017,7,27,5,2,186,False,False,False,False,False,False
1135,140.054061889648,2017,7,27,6,3,187,False,False,False,False,False,False
1136,141.47688293457,2017,7,27,7,4,188,False,False,False,False,False,False
1137,142.340377807617,2017,7,28,10,0,191,False,False,False,False,False,False
1138,142.801574707031,2017,7,28,11,1,192,False,False,False,False,False,False
1139,143.00764465332,2017,7,28,12,2,193,False,False,False,False,False,False
1140,144.999572753906,2017,7,28,13,3,194,False,False,False,False,False,False
1141,146.245742797852,2017,7,28,14,4,195,False,False,False,False,False,False
1142,146.756011962891,2017,7,29,17,0,198,False,False,False,False,False,False
1143,147.26628112793,2017,7,29,18,1,199,False,False,False,False,False,False
1144,148.18864440918,2017,7,29,19,2,200,False,False,False,False,False,False
1145,147.521392822266,2017,7,29,20,3,201,False,False,False,False,False,False
1146,147.452713012695,2017,7,29,21,4,202,False,False,False,False,False,False
1147,149.238586425781,2017,7,30,24,0,205,False,False,False,False,False,False
1148,149.876403808594,2017,7,30,25,1,206,False,False,False,False,False,False
1149,150.582916259766,2017,7,30,26,2,207,False,False,False,False,False,False
1150,147.73727416992202,2017,7,30,27,3,208,False,False,False,False,False,False
1151,146.69714355468798,2017,7,30,28,4,209,False,False,False,False,False,False
1152,145.94157409668,2017,7,31,31,0,212,True,False,False,False,False,False
1153,147.23684692382798,2017,8,31,1,1,213,False,True,False,False,False,False
1154,154.193908691406,2017,8,31,2,2,214,False,False,False,False,False,False
1155,152.6533203125,2017,8,31,3,3,215,False,False,False,False,False,False
1156,153.457946777344,2017,8,31,4,4,216,False,False,False,False,False,False
1157,155.832595825195,2017,8,32,7,0,219,False,False,False,False,False,False
1158,157.07878112793,2017,8,32,8,1,220,False,False,False,False,False,False
1159,158.04040527343798,2017,8,32,9,2,221,False,False,False,False,False,False
1160,153.006530761719,2017,8,32,10,3,222,False,False,False,False,False,False
1161,155.134338378906,2017,8,32,11,4,223,False,False,False,False,False,False
1162,157.46907043457,2017,8,33,14,0,226,False,False,False,False,False,False
1163,159.192977905273,2017,8,33,15,1,227,False,False,False,False,False,False
1164,158.552673339844,2017,8,33,16,2,228,False,False,False,False,False,False
1165,155.508697509766,2017,8,33,17,3,229,False,False,False,False,False,False
1166,155.154067993164,2017,8,33,18,4,230,False,False,False,False,False,False
1167,154.86837768554702,2017,8,34,21,0,233,False,False,False,False,False,False
1168,157.400100708008,2017,8,34,22,1,234,False,False,False,False,False,False
1169,157.597106933594,2017,8,34,23,2,235,False,False,False,False,False,False
1170,156.897689819336,2017,8,34,24,3,236,False,False,False,False,False,False
1171,157.478897094727,2017,8,34,25,4,237,False,False,False,False,False,False
1172,159.06491088867202,2017,8,35,28,0,240,False,False,False,False,False,False
1173,160.483489990234,2017,8,35,29,1,241,False,False,False,False,False,False
1174,160.916915893555,2017,8,35,30,2,242,False,False,False,False,False,False
1175,161.557235717773,2017,8,35,31,3,243,True,False,False,False,False,False
1176,161.606491088867,2017,9,35,1,4,244,False,True,False,False,False,False
1177,159.66584777832,2017,9,36,5,1,248,False,False,False,False,False,False
1178,159.49836730957,2017,9,36,6,2,249,False,False,False,False,False,False
1179,158.85803222656202,2017,9,36,7,3,250,False,False,False,False,False,False
1180,156.267227172852,2017,9,36,8,4,251,False,False,False,False,False,False
1181,159.094467163086,2017,9,37,11,0,254,False,False,False,False,False,False
1182,158.464019775391,2017,9,37,12,1,255,False,False,False,False,False,False
1183,157.272018432617,2017,9,37,13,2,256,False,False,False,False,False,False
1184,155.922439575195,2017,9,37,14,3,257,False,False,False,False,False,False
1185,157.498611450195,2017,9,37,15,4,258,False,False,False,False,False,False
1186,156.306625366211,2017,9,38,18,0,261,False,False,False,False,False,False
1187,156.36572265625,2017,9,38,19,1,262,False,False,False,False,False,False
1188,153.745376586914,2017,9,38,20,2,263,False,False,False,False,False,False
1189,151.105270385742,2017,9,38,21,3,264,False,False,False,False,False,False
1190,149.627624511719,2017,9,38,22,4,265,False,False,False,False,False,False
1191,148.307571411133,2017,9,39,25,0,268,False,False,False,False,False,False
1192,150.85900878906202,2017,9,39,26,1,269,False,False,False,False,False,False
1193,151.932769775391,2017,9,39,27,2,270,False,False,False,False,False,False
1194,150.996917724609,2017,9,39,28,3,271,False,False,False,False,False,False
1195,151.82438659668,2017,9,39,29,4,272,False,False,False,False,False,False
1196,151.519027709961,2017,10,40,2,0,275,False,False,False,False,False,False
1197,152.17903137207,2017,10,40,3,1,276,False,False,False,False,False,False
1198,151.193923950195,2017,10,40,4,2,277,False,False,False,False,False,False
1199,153.07546997070298,2017,10,40,5,3,278,False,False,False,False,False,False
1200,152.98681640625,2017,10,40,6,4,279,False,False,False,False,False,False
1201,153.51876831054702,2017,10,41,9,0,282,False,False,False,False,False,False
1202,153.577865600586,2017,10,41,10,1,283,False,False,False,False,False,False
1203,154.218215942383,2017,10,41,11,2,284,False,False,False,False,False,False
1204,153.67639160156202,2017,10,41,12,3,285,False,False,False,False,False,False
1205,154.65164184570298,2017,10,41,13,4,286,False,False,False,False,False,False
1206,157.498611450195,2017,10,42,16,0,289,False,False,False,False,False,False
1207,158.079818725586,2017,10,42,17,1,290,False,False,False,False,False,False
1208,157.380386352539,2017,10,42,18,2,291,False,False,False,False,False,False
1209,153.656692504883,2017,10,42,19,3,292,False,False,False,False,False,False
1210,153.922668457031,2017,10,42,20,4,293,False,False,False,False,False,False
1211,153.843856811523,2017,10,43,23,0,296,False,False,False,False,False,False
1212,154.760009765625,2017,10,43,24,1,297,False,False,False,False,False,False
1213,154.080307006836,2017,10,43,25,2,298,False,False,False,False,False,False
1214,155.06539916992202,2017,10,43,26,3,299,False,False,False,False,False,False
1215,160.621383666992,2017,10,43,27,4,300,False,False,False,False,False,False
1216,164.236724853516,2017,10,44,30,0,303,False,False,False,False,False,False
1217,166.522171020508,2017,10,44,31,1,304,True,False,False,False,False,False
1218,164.404190063477,2017,11,44,1,2,305,False,True,False,False,False,False
1219,165.606018066406,2017,11,44,2,3,306,False,False,False,False,False,False
1220,169.93063354492202,2017,11,44,3,4,307,False,False,False,False,False,False
1221,171.654556274414,2017,11,45,6,0,310,False,False,False,False,False,False
1222,172.20622253418,2017,11,45,7,1,311,False,False,False,False,False,False
1223,173.614929199219,2017,11,45,8,2,312,False,False,False,False,False,False
1224,173.260299682617,2017,11,45,9,3,313,False,False,False,False,False,False
1225,172.686859130859,2017,11,45,10,4,314,False,False,False,False,False,False
1226,171.994812011719,2017,11,46,13,0,317,False,False,False,False,False,False
1227,169.394668579102,2017,11,46,14,1,318,False,False,False,False,False,False
1228,167.160339355469,2017,11,46,15,2,319,False,False,False,False,False,False
1229,169.157409667969,2017,11,46,16,3,320,False,False,False,False,False,False
1230,168.218185424805,2017,11,46,17,4,321,False,False,False,False,False,False
1231,168.050109863281,2017,11,47,20,0,324,False,False,False,False,False,False
1232,171.174255371094,2017,11,47,21,1,325,False,False,False,False,False,False
1233,172.973587036133,2017,11,47,22,2,326,False,False,False,False,False,False
1234,172.983474731445,2017,11,47,24,4,328,False,False,False,False,False,False
1235,172.113464355469,2017,11,48,27,0,331,False,False,False,False,False,False
1236,171.105041503906,2017,11,48,28,1,332,False,False,False,False,False,False
1237,167.555801391602,2017,11,48,29,2,333,False,False,False,False,False,False
1238,169.89889526367202,2017,11,48,30,3,334,True,False,False,False,False,False
1239,169.107971191406,2017,12,48,1,4,335,False,True,False,False,False,False
1240,167.872177124023,2017,12,49,4,0,338,False,False,False,False,False,False
1241,167.713973999023,2017,12,49,5,1,339,False,False,False,False,False,False
1242,167.09114074707,2017,12,49,6,2,340,False,False,False,False,False,False
1243,167.39762878418,2017,12,49,7,3,341,False,False,False,False,False,False
1244,167.447036743164,2017,12,49,8,4,342,False,False,False,False,False,False
1245,170.70959472656202,2017,12,50,11,0,345,False,False,False,False,False,False
1246,169.750595092773,2017,12,50,12,1,346,False,False,False,False,False,False
1247,170.314117431641,2017,12,50,13,2,347,False,False,False,False,False,False
1248,170.264694213867,2017,12,50,14,3,348,False,False,False,False,False,False
1249,171.994812011719,2017,12,50,15,4,349,False,False,False,False,False,False
1250,174.41700744628898,2017,12,51,18,0,352,False,False,False,False,False,False
1251,172.558349609375,2017,12,51,19,1,353,False,False,False,False,False,False
1252,172.370513916016,2017,12,51,20,2,354,False,False,False,False,False,False
1253,173.023025512695,2017,12,51,21,3,355,False,False,False,False,False,False
1254,173.023025512695,2017,12,51,22,4,356,False,False,False,False,False,False
1255,168.63342285156202,2017,12,52,26,1,360,False,False,False,False,False,False
1256,168.663101196289,2017,12,52,27,2,361,False,False,False,False,False,False
1257,169.137649536133,2017,12,52,28,3,362,False,False,False,False,False,False
1258,167.308639526367,2017,12,52,29,4,363,False,False,False,False,False,False
